"isin","holder_lei"
"SK4383059521","254900RGIHNSOOTM0L46"
"SK4383059521","2138006HP23N8GYS9Q88"
"SK4383059521","529900JYUND014UQ0P58"
"SK4383059521","549300M7R6X5LJOH0491"
"CH8229968527","254900WJJF84AQA4EN11"
"CH8229968527","635400WUHAXT8LPT9E02"
"CH8229968527","21380086CDUT1PKKGC97"
"CH8229968527","529900CAH1061V56SZ46"
"BE6957375907","213800WR5NOVOEYFLN72"
"BE6957375907","529900XWDFM4LA695B56"
"BE6957375907","81560001A6084D9ACA86"
"BE6957375907","5299005LY13TY4OH4Z36"
"CA9352274731","54930051L749LLNOVE73"
"CA9352274731","529900E2KUUI0H5RT825"
"CA9352274731","529900XXVO5MNH7TAR82"
"CA9352274731","549300YYRT3XLIRLLL59"
"RO8923323343","529900S1RR1VXCC0X459"
"RO8923323343","549300L70BS183Y6ML67"
"RO8923323343","549300VVTM0BODUHZQ37"
"RO8923323343","529900HNH6UOOF40A490"
"PT1042317364","529900H1DIVOXVUEJT47"
"PT1042317364","5493004SYPRAVRVNK561"
"PT1042317364","529900JFVQC0P8BAQO25"
"PT1042317364","549300ZTH28IORMT0H07"
"NL4451318051","254900IM9BUUJTALDP69"
"NL4451318051","635400C7L8C5RGY8VK81"
"NL4451318051","315700H9WMTTK29MHG75"
"NL4451318051","549300Z5N7CQSDUVWP11"
"AT8764927551","391200ZZPVWSHS2QE753"
"AT8764927551","529900TZ36JMEVRLVK72"
"AT8764927551","5493003I1VH2GQJB3Y41"
"AT8764927551","529900FZ18K4CHUQAV85"
"HR4689456951","529900A5TAKNCSD2LP56"
"HR4689456951","5493004WG8IWNC2YNH92"
"HR4689456951","549300HDCRTBPEURI316"
"HR4689456951","5493001YVFV3APNDVC85"
"US5486874553","5299003BH0JNNF824478"
"US5486874553","549300O2UN9JLME31F08"
"US5486874553","549300K3TK9076101D53"
"US5486874553","549300DB4NZ7CK3X6R57"
"FI4247216070","529900H9ABDZ8XIMMV92"
"FI4247216070","529900PP5INPXJG8JM22"
"FI4247216070","54930027SQL2KPSDBM58"
"FI4247216070","529900A766VIVHCZI298"
"LU7925086911","2534006G7F7F1TFC9T77"
"LU7925086911","54930051L749LLNOVE73"
"LU7925086911","529900342F7JSPI4TQ30"
"LU7925086911","5299005XTWXW51FR9A63"
"LU4403216337","529900XL7PBQEL6AW973"
"LU4403216337","529900CYMVBQDMUMAG81"
"LU4403216337","529900U7AT9B9UMLXG16"
"LU4403216337","549300M7R6X5LJOH0491"
"LT8191706231","549300KS23R70QZVZF84"
"LT8191706231","529900CY5PNRH6PKLW03"
"LT8191706231","529900ONCW2ZRPJIU019"
"LT8191706231","529900NRU8XMPR3BIF43"
"AT7259826324","549300MXFSNRJMYFLM46"
"AT7259826324","54930077ALXXZ725SH62"
"AT7259826324","5493003X2PANQ4S0EH05"
"AT7259826324","549300HDJQDQ3E23HQ29"
"PT9875792643","529900R8SW6D0TOM4Y51"
"PT9875792643","529900ICFDQRUNSXM915"
"PT9875792643","549300L70BS183Y6ML67"
"PT9875792643","254900E6900SXE7ZK016"
"CH1202267284","529900AMYBX2GX3HE155"
"CH1202267284","529900ALO5QOEB2LEB63"
"CH1202267284","254900SSMTBGI4WQPI25"
"CH1202267284","549300101YTPRIMUGT82"
"BE3101179980","549300YXYSBSWEE7ON30"
"BE3101179980","529900UCQCQZKSK22F41"
"BE3101179980","5299000XIRBL7YOU9G65"
"BE3101179980","529900A7M4R1210U9P03"
"BG7155843304","5299007QILH2588Y8Z31"
"BG7155843304","213800IT91XM3CMQQP75"
"BG7155843304","254900QVFOLJVWB2HH59"
"BG7155843304","9KVDYMLZGG8ZN3RMPY41"
"ES4364648992","5299005PI8EZCXYD5887"
"ES4364648992","529900UK1NI11U9GYA54"
"ES4364648992","789000N5SE3LWDK7OI11"
"ES4364648992","529900QDG42IVLG7C683"
"DK4067988730","5493005WOBFWIL4QR777"
"DK4067988730","8156000E8FB84A303504"
"DK4067988730","529900ICLRH9E6KH5W68"
"DK4067988730","5299001ICGNKKWDL1557"
"MK2910155759","5299006TTH3L261N9M28"
"MK2910155759","529900TJTZEIUCN4BN62"
"MK2910155759","549300CGLRBLXD8PLZ18"
"MK2910155759","549300J195RNZCVP3838"
"CZ9402148093","529900UHDAFWQ87PM255"
"CZ9402148093","529900W1WNE13J119S06"
"CZ9402148093","5299006M9OCS0I000683"
"CZ9402148093","529900QPGSA3S6ZLS208"
"GR5311712879","213800ABBDUPIFMITV66"
"GR5311712879","5299003RWHA2ZD5T0R33"
"GR5311712879","529900V9M5N0BGGB2Z36"
"GR5311712879","549300U68K8MD40UXJ91"
"SI6995560733","529900Z0S102QOJJ3J83"
"SI6995560733","3358007MD8NFWEKRC164"
"SI6995560733","5493006LHHR4CLPX4Q79"
"SI6995560733","529900QC5I7V6HP3BP65"
"CH8944762121","529900CYMVBQDMUMAG81"
"CH8944762121","5299000AF58N6DVTY088"
"CH8944762121","5493005855K3SAA7PC10"
"CH8944762121","5493004QW76FAU0B5N71"
"AL9589761367","5299003L7YAXHP6Z7T75"
"AL9589761367","529900X253XLINEUH028"
"AL9589761367","549300H62SNDRT0PS319"
"AL9589761367","529900ICFDQRUNSXM915"
"RO8798870326","315700I5J7YPIDCVR987"
"RO8798870326","52990052XWX10DKD6820"
"RO8798870326","549300REO5QF1SB6GI95"
"RO8798870326","5493006GEIBUF7U0CX27"
"HU2744558089","549300ECJDDLOVWWL932"
"HU2744558089","2138007MRI6ND89YY940"
"HU2744558089","5299000ALLPGKHTTUV74"
"HU2744558089","549300FI3D0FOVD2QZ58"
"SK5602261253","549300K3TK9076101D53"
"SK5602261253","315700GYZVDSM4AX2M06"
"SK5602261253","52990026PFY8PQ2UC257"
"SK5602261253","529900BXGKZA0NQ00X83"
"ES3271188896","5493009XDLC6P0EM1723"
"ES3271188896","529900DLES7P1TCYPM83"
"ES3271188896","529900HHE04GA1UV8Y59"
"ES3271188896","549300P5FQEW7DOYK240"
"PL1025411725","5299002NC6XQ4TP2EC59"
"PL1025411725","549300VVBIRW6VQJLS82"
"PL1025411725","529900KICPL7I3LLP264"
"PL1025411725","6354002RLNVEPWCULI59"
"IT4490251988","529900V9M5N0BGGB2Z36"
"IT4490251988","529900HNH6UOOF40A490"
"IT4490251988","529900VPJF35O5YAHQ53"
"IT4490251988","529900C7PP6HM20D7687"
"MT8889309307","529900FZ18K4CHUQAV85"
"MT8889309307","529900876IR1IQJD7Y91"
"MT8889309307","549300ZIEXERVNP8XK18"
"MT8889309307","549300XM19CFWDDX8D65"
"PT5705338871","529900ESWL1AEC189F69"
"PT5705338871","529900KN6P7OQX84OC85"
"PT5705338871","549300XEOB85AXEXN594"
"PT5705338871","529900UJ3VCGEG5FAR32"
"BY4016213665","PRNXTNXHBI0TSY1V8P17"
"BY4016213665","529900WHMCEWN274OT10"
"BY4016213665","529900L30KXGWK6CUD24"
"BY4016213665","81560007E889FA36A917"
"MK6975620644","335800S9IH4ZCL5Z4F95"
"MK6975620644","529900RC0O6Y0E636W87"
"MK6975620644","549300YYRT3XLIRLLL59"
"MK6975620644","529900342F7JSPI4TQ30"
"IE7772887738","529900H0Z3LEX11CQJ52"
"IE7772887738","529900RC0O6Y0E636W87"
"IE7772887738","529900WRA1S3K1QMPB44"
"IE7772887738","5493005855K3SAA7PC10"
"PL6496787663","213800LH8X28724UZ616"
"PL6496787663","52990034Y1YC4WDX5C05"
"PL6496787663","529900C14HKIZU3NHI50"
"PL6496787663","529900N18TNY5GGROH52"
"IT7704845538","549300P1BW0YOP2GMX46"
"IT7704845538","529900Z8F1DQ2PF5GJ97"
"IT7704845538","2534006G7F7F1TFC9T77"
"IT7704845538","549300NQTXXC75T4U228"
"US1401868702","549300OJ66SPKX006J87"
"US1401868702","549300GVKMPD2UBZF867"
"US1401868702","529900XTRNX0LCFTSA31"
"US1401868702","254900PYMROTF0EIBD45"
"HU9745296416","549300Y7J8F0WHPKAO48"
"HU9745296416","315700I5J7YPIDCVR987"
"HU9745296416","529900DGSQR7P9L7FM63"
"HU9745296416","5299001PZYZQV5PVWU54"
"NO9264576636","549300HIODNR3LRHFF34"
"NO9264576636","097900BHF50000076475"
"NO9264576636","529900H86EC4DAO59C26"
"NO9264576636","549300QKDHYRRQH2MB86"
"HR4302017112","529900BVN6NPN8R4A847"
"HR4302017112","254900MHTFH65CWFJP42"
"HR4302017112","529900WRA1S3K1QMPB44"
"HR4302017112","529900ALO5QOEB2LEB63"
"EE4802172461","254900BZBEFAFBP7W941"
"EE4802172461","5493002XSNOUUFLKXK27"
"EE4802172461","5299001FKJ6Q6AQMU144"
"EE4802172461","549300HZPMLS59IYHW02"
"BY7062524738","529900ICFDQRUNSXM915"
"BY7062524738","5493004DRENYD68POX17"
"BY7062524738","25490037X9QDKOC13793"
"BY7062524738","5493002Z1PPD26D0QT04"
"FR7841160417","529900396G5HWCV38G39"
"FR7841160417","529900SOB5CXRQN8QG83"
"FR7841160417","52990003MHKX55EOC266"
"FR7841160417","529900HIRE2SFBYJFM92"
"CZ3719361949","2549006A5OZLQ3OYQ657"
"CZ3719361949","549300L2WXROIO4RYU97"
"CZ3719361949","5493005855K3SAA7PC10"
"CZ3719361949","529900QDG42IVLG7C683"
"IE1149265150","549300V6XZN8U57X4711"
"IE1149265150","529900PP5INPXJG8JM22"
"IE1149265150","635400F7SMMDVSHMBC67"
"IE1149265150","529900VPJF35O5YAHQ53"
"AT6288936705","81560051C72CA7CA9204"
"AT6288936705","635400IRTPCASED1XH42"
"AT6288936705","2138003GMZOMMHTKUW26"
"AT6288936705","549300DIVO0BXH2SBY91"
"HR1079517992","549300GVKMPD2UBZF867"
"HR1079517992","529900BS0K5H5X5S4796"
"HR1079517992","5299001PZYZQV5PVWU54"
"HR1079517992","549300CI13TTRZSRJV34"
"BG4227043148","2549006A5OZLQ3OYQ657"
"BG4227043148","549300A3K0DM0UWTAQ37"
"BG4227043148","529900MLL87I71PDEL46"
"BG4227043148","529900TSB7EHGU25F006"
"DK6939311978","8156007BA6E6B606F205"
"DK6939311978","8156005D1B85D22FF777"
"DK6939311978","529900M56WPQOQL4H945"
"DK6939311978","529900CYTFL4QPESXQ96"
"GR2598423114","5299003G9CMV5CY1FU81"
"GR2598423114","54930064XZWGVDHF4G62"
"GR2598423114","529900H1P7U7R7YOHU61"
"GR2598423114","5299008HZD0Y7UYHO939"
"MK7563134345","549300L1BI3GK8BXJQ09"
"MK7563134345","213800FPW6PZSY8BIM85"
"MK7563134345","254900RGIHNSOOTM0L46"
"MK7563134345","74780000A0SH8DY34831"
"US8216946164","529900T0GN1VKFTMM315"
"US8216946164","529900E7W7M9W46YY476"
"US8216946164","529900EYYGOCP4180B15"
"US8216946164","549300ZS81M8OQHJSO40"
"MT4936248334","097900BFBW0000007680"
"MT4936248334","529900W3EA0FD023IF15"
"MT4936248334","529900TG4CYRYQDR5865"
"MT4936248334","213800HQ3SEC4XDRMW78"
"HR8525763014","529900VHISCWBZGTC349"
"HR8525763014","254900SSMTBGI4WQPI25"
"HR8525763014","549300THBBC51SW1XC62"
"HR8525763014","529900MFAEZD7FAN9N26"
"IT3075673124","549300BSNZQC1S096092"
"IT3075673124","8156000A3437C5E72362"
"IT3075673124","98450076FE4A83A4F419"
"IT3075673124","815600D20361C46B7C65"
"CA7171681050","549300ZHFZ4CSK7VS460"
"CA7171681050","529900697VW9X2YUUN62"
"CA7171681050","254900T6XL98TQSJJM04"
"CA7171681050","529900NVM7Z04DA3LO24"
"RS7340041667","529900YNWHYCU679WE23"
"RS7340041667","529900TK95D6PNN50T90"
"RS7340041667","529900BUTOYN9W7Y6103"
"RS7340041667","529900J7BAJVP3O1WQ70"
"BE4873963896","54930086Q1B3FHI81N04"
"BE4873963896","549300RJCC2S41XADB43"
"BE4873963896","529900XXVO5MNH7TAR82"
"BE4873963896","635400PSMCTBZD9XNS47"
"FR5103818570","529900OZFVACL1HL5L86"
"FR5103818570","549300H3WR78JYSTWS65"
"FR5103818570","549300Z5TZK5XDBGWS98"
"FR5103818570","529900R6B2KGUI1XI539"
"PL2449543866","549300IGBKRNYYK2E973"
"PL2449543866","52990003MHKX55EOC266"
"PL2449543866","529900FOYH83DWA1VI77"
"PL2449543866","529900Q3QYV322RCXV42"
"HU9586617540","529900ITRKF4INUOKY17"
"HU9586617540","549300GWZV5V73KXY327"
"HU9586617540","8EWQ2UQKS07AKK8ANH81"
"HU9586617540","529900XGDXLEX5L16R90"
"PT3051618768","549300DVX8CW8OWD1369"
"PT3051618768","529900EYYGOCP4180B15"
"PT3051618768","7S8518QC0P5IKHFFCP88"
"PT3051618768","549300AQRUHYWYR0T637"
"LV8029671369","815600311DA821549008"
"LV8029671369","213800WR5NOVOEYFLN72"
"LV8029671369","529900V9M5N0BGGB2Z36"
"LV8029671369","529900U28ZJDY22FJA32"
"HU4373668831","097900BFBW0000007680"
"HU4373668831","5299001S0UX9P9NSG675"
"HU4373668831","549300JB1P61FUTPEZ75"
"HU4373668831","529900FIAMEJDQ8C9097"
"GB9433873554","529900YHRPQXXQ333M09"
"GB9433873554","815600EC178EEE69E481"
"GB9433873554","549300101YTPRIMUGT82"
"GB9433873554","635400QSJSOFZJC94O05"
"SE2768854104","5299006B34ANR1HH4Z58"
"SE2768854104","254900DB28E4TYR5ZI32"
"SE2768854104","81560010A66C92CC6B72"
"SE2768854104","529900Q6P4NPT9JGOH02"
"EE7279394563","54930018UN596IHLRW36"
"EE7279394563","529900L30KXGWK6CUD24"
"EE7279394563","529900PLMCWKG4WW7813"
"EE7279394563","529900DDO5YY9EPTYZ46"
"UA8962722013","5493001S1A2KX77G5V52"
"UA8962722013","529900666ZJ61Q61R974"
"UA8962722013","5299007OX9HAC1QNPW69"
"UA8962722013","549300EEZD541NHWO738"
"PT5802357730","5493004NKTUXS10HUX68"
"PT5802357730","529900TG4CYRYQDR5865"
"PT5802357730","549300IUOQXDZBVFHK88"
"PT5802357730","529900V9M5N0BGGB2Z36"
"ES4999933934","529900KICPL7I3LLP264"
"ES4999933934","549300ZQ6ICBM18UBN91"
"ES4999933934","529900Q3QYV322RCXV42"
"ES4999933934","5493008LO91Z9AW4MF72"
"NL4091380800","549300R4FNKEIE8UY208"
"NL4091380800","529900PWIXRQXV72NZ40"
"NL4091380800","52990018GZ847BVNVH28"
"NL4091380800","81560075E90A817C8F48"
"RS1736563151","5299002R6SW0HHWT3W09"
"RS1736563151","549300UK7IYHLTFT4Z67"
"RS1736563151","7D9EHZL14BBPJWTN6S08"
"RS1736563151","549300XM19CFWDDX8D65"
"IE2760247539","549300OE23SIZ7E43C78"
"IE2760247539","529900RE3U5ROGOTXH62"
"IE2760247539","635400H9NIJ5SQ65LG47"
"IE2760247539","5299009FGMTIO194ZU98"
"MK3808439196","391200ZZPVWSHS2QE753"
"MK3808439196","5493008J0KRP28TPF798"
"MK3808439196","529900MJYYIRXZ9YCT59"
"MK3808439196","529900W747T39A8BLD28"
"CH3212110368","5493005FXRVEIG8SRV35"
"CH3212110368","5493007RFDH5H09ILU32"
"CH3212110368","5493002D2LSSUA5KUB24"
"CH3212110368","5493006LHHR4CLPX4Q79"
"IE7751214245","5299002RAQ8UIG1NFQ40"
"IE7751214245","315700U9KOZJ14MLJ486"
"IE7751214245","529900W1WNE13J119S06"
"IE7751214245","549300MXEAL7IIGFC661"
"AL8951126345","529900VSJSTELS1POT69"
"AL8951126345","529900QJ7JSKVLQ18G57"
"AL8951126345","549300MXFSNRJMYFLM46"
"AL8951126345","549300YYRT3XLIRLLL59"
"IS7617161169","5493008X0EWE6B6KZV25"
"IS7617161169","529900E2KUUI0H5RT825"
"IS7617161169","529900OB9X1DTXJ7MD63"
"IS7617161169","254900T6XL98TQSJJM04"
"LT9805814680","549300DZJ01DXNM48807"
"LT9805814680","54930086Q1B3FHI81N04"
"LT9805814680","549300XBRBK4EN2W1S73"
"LT9805814680","549300PQZEXBBQ5SLU78"
"PT4580329726","097900BHF50000076475"
"PT4580329726","529900MFF1MAR76ZVV77"
"PT4580329726","549300MJOLZ1Y6N1RN58"
"PT4580329726","549300XTY6LAIQSLES59"
"ES3643230005","529900CI6MHV0H675228"
"ES3643230005","529900QDG42IVLG7C683"
"ES3643230005","549300QC7ICA7PHDZF61"
"ES3643230005","8156002AD3004B9EC878"
"NO8410711903","549300YFPZE6JASST408"
"NO8410711903","529900TUYK8SFCHQ3076"
"NO8410711903","5493007UJW4N82PLDU29"
"NO8410711903","529900VQTGY0OGZTCS62"
"SK5424340497","549300G81RQKP7XW2N18"
"SK5424340497","52990070XL8QPES0SM31"
"SK5424340497","529900Q3QYV322RCXV42"
"SK5424340497","529900I37PA2FQ4BZ244"
"IE7197465183","8156002787EC1CD8C660"
"IE7197465183","549300MSY5NIVC0BME80"
"IE7197465183","529900KN5F22P7EWQ753"
"IE7197465183","529900G9Z4I79FGUE649"
"SE8378055394","549300EM43S0YRGIMU78"
"SE8378055394","529900FBJKI4DP1JRG14"
"SE8378055394","25490072EC3VZGVO9626"
"SE8378055394","529900B15CRV4CIEWN19"
"RO9793120932","5493005855K3SAA7PC10"
"RO9793120932","529900P7ZZJ2UGXVAJ38"
"RO9793120932","5493001420Q57WID6217"
"RO9793120932","529900S5HVA4QRKPS102"
"SK5330452527","529900JP8FJPSAM5CH61"
"SK5330452527","529900RS516PKOGWEV80"
"SK5330452527","52990066NTXYO6LXAF31"
"SK5330452527","529900TNCYLRNC5C3L95"
"EE5534628504","213800AV41W7VFZ1D131"
"EE5534628504","529900NZ1KGWVI8KQN57"
"EE5534628504","74780000A0SH8DY34831"
"EE5534628504","529900NNSS91OZRYZ793"
"GB9009759401","529900CYV0ZFIVHSVX42"
"GB9009759401","5493000SL9LZZ6YZPU12"
"GB9009759401","5299008D41Q10B8NQT96"
"GB9009759401","529900Y3O6X652Z2AN33"
"LU2426232436","529900A6KXIFZYVGEF38"
"LU2426232436","5493004NRK1XLI2A3K89"
"LU2426232436","529900H41D78WI2NVK13"
"LU2426232436","213800SHXQDJL238HV25"
"AL1441930570","549300P481QIQARJQI17"
"AL1441930570","529900X2JGG41VB42995"
"AL1441930570","529900IUZNMH9ABKN916"
"AL1441930570","2138003P1XRZQRXLIT42"
"PT6922004870","549300DTNTPKNKGJ7P43"
"PT6922004870","549300QJXEB6PZF1P432"
"PT6922004870","5493005PMU33U8QRMC94"
"PT6922004870","5299008B6YR6B0NVDR34"
"NO1972473736","5493007R0TMUUHXERD78"
"NO1972473736","213800ABBDUPIFMITV66"
"NO1972473736","52990016W975JPQ70O29"
"NO1972473736","213800LOVTMVCEXXDE17"
"CY6242625960","549300XEOB85AXEXN594"
"CY6242625960","529900G4O4VLOG0B5168"
"CY6242625960","529900TK95D6PNN50T90"
"CY6242625960","2534008T9TCKSJHXMX83"
"PL6156435860","8156002B929020A90676"
"PL6156435860","529900W1WNE13J119S06"
"PL6156435860","5493005EB366SL4UE309"
"PL6156435860","635400MNLW6ZCQNKAJ81"
"RO4167940494","529900XGDXLEX5L16R90"
"RO4167940494","52990052XWX10DKD6820"
"RO4167940494","549300IO7A3COKZLY481"
"RO4167940494","529900WQR8MCSBPFID11"
"BG1913271635","213800QILIUD4ROSUO03"
"BG1913271635","529900FGBJM9Q144U153"
"BG1913271635","8156002787EC1CD8C660"
"BG1913271635","549300OVO8MRA4KTCJ44"
"IS7881491229","529900CRZ2BZ3NEFZK77"
"IS7881491229","5493003X2PANQ4S0EH05"
"IS7881491229","54930027SQL2KPSDBM58"
"IS7881491229","529900E7W7M9W46YY476"
"BE4471294844","549300M1SLMSDGML5M49"
"BE4471294844","549300YD2C3QFXNLSX70"
"BE4471294844","529900UEE0B99ZWD8Z43"
"BE4471294844","222100D7KSQ22ZVMKM20"
"LV6927931195","5299005KUSNDWVGO8E69"
"LV6927931195","529900WD2450ITPIH833"
"LV6927931195","5299006MRMFYKKQU4A96"
"LV6927931195","213800F9OEEORKQ71V30"
"LV5668054084","549300SE1UII3HYCP132"
"LV5668054084","529900O5U0HI73M27T05"
"LV5668054084","549300GUQK2RPMND7R49"
"LV5668054084","8156002B929020A90676"
"CA8426552112","549300P5FQEW7DOYK240"
"CA8426552112","549300LEOFS81KZV6110"
"CA8426552112","529900JP8FJPSAM5CH61"
"CA8426552112","529900AXUGQC7E2M7N91"
"MK2419167860","549300K0QWI1YUM0XR14"
"MK2419167860","2138006QWFK8LX78NL81"
"MK2419167860","549300IIH01NSEG1DK07"
"MK2419167860","549300EM43S0YRGIMU78"
"NL4789747206","21380039PDICI7H5EV76"
"NL4789747206","529900ZJSEYT72X34K26"
"NL4789747206","549300OVVY2IW4A3M076"
"NL4789747206","2138003FL72FCO53LM68"
"CY3044733849","549300RI7DPPJD4J3721"
"CY3044733849","549300YD2C3QFXNLSX70"
"CY3044733849","529900K3CBIIFX4H8G15"
"CY3044733849","5493003YCTSBWS4PJV26"
"SE5097960824","549300U08TTKCUFWTC83"
"SE5097960824","6354002GQB7AOSJE3W69"
"SE5097960824","549300YYRT3XLIRLLL59"
"SE5097960824","549300UTZ28EB4QVWS85"
"DK1598849017","549300EXXKH0V10CGH02"
"DK1598849017","529900YNWHYCU679WE23"
"DK1598849017","529900QAUNRI1RA86094"
"DK1598849017","254900PYMROTF0EIBD45"
"LT8258295372","529900P9BPJMXLDBRO14"
"LT8258295372","5299007CQ7QQYFIVNV49"
"LT8258295372","529900J0N5FYROZOL786"
"LT8258295372","529900Q3QYV322RCXV42"
"ES3303437337","529900LK05HKEZ736735"
"ES3303437337","549300Z2ZATO1VJZGF48"
"ES3303437337","529900TUYK8SFCHQ3076"
"ES3303437337","5299003PHX37VW6Q3M45"
"AT2677858676","549300Q1TKVLSYVS7C09"
"AT2677858676","8156008F4B12928FDE93"
"AT2677858676","5493001YVFV3APNDVC85"
"AT2677858676","254900MHTFH65CWFJP42"
"IS7057465853","5299008B6YR6B0NVDR34"
"IS7057465853","529900A6KXIFZYVGEF38"
"IS7057465853","529900K3OOVQYCUI7O21"
"IS7057465853","529900NNSS91OZRYZ793"
"LU6340164900","549300HU3DF6UVK2PT12"
"LU6340164900","529900JBPP7HAVCM8C23"
"LU6340164900","222100RUGZYYYFQM1J57"
"LU6340164900","529900WMBOJTFWCJ6Z71"
"DK7346843561","529900MJYYIRXZ9YCT59"
"DK7346843561","549300F7JG0KNKXWKZ08"
"DK7346843561","549300K0QWI1YUM0XR14"
"DK7346843561","5493002I3S7TGKYK0P44"
"FI4789960327","529900Q4GO8QFCSYWC20"
"FI4789960327","549300IP7H46C3FB8404"
"FI4789960327","6354002GQB7AOSJE3W69"
"FI4789960327","5299007XKM5UOG77O612"
"GR1685146968","549300UM31PJ24TTSR94"
"GR1685146968","254900KI1ALVIZQQZX24"
"GR1685146968","529900BXGKZA0NQ00X83"
"GR1685146968","635400VPPM8R1SOESU52"
"AL6459696749","81560081EB02F8095508"
"AL6459696749","254900T6XL98TQSJJM04"
"AL6459696749","549300XM19CFWDDX8D65"
"AL6459696749","815600D20361C46B7C65"
"GR7283014210","529900NRU8XMPR3BIF43"
"GR7283014210","549300JMVCPEO24OMS31"
"GR7283014210","529900KICPL7I3LLP264"
"GR7283014210","81560007FA7AC2BE5C45"
"RO1937411486","335800C1KV5TPG2GEX70"
"RO1937411486","815600C2B72391A68F89"
"RO1937411486","52990001O0THU00TYK59"
"RO1937411486","529900VSJSTELS1POT69"
"US3952081519","5299003RWHA2ZD5T0R33"
"US3952081519","5299002YWHBSBV9P4B18"
"US3952081519","5299007QWTE1LDFAS287"
"US3952081519","5299001R4A9Z0RY8HJ59"
"HR7509674122","529900QDG42IVLG7C683"
"HR7509674122","529900XW0MDD0HF0VN23"
"HR7509674122","529900POIP5FANBUZ584"
"HR7509674122","5299003FJJT3S2632K89"
"NO8131754327","5299007T18XBURKJ1V64"
"NO8131754327","549300OGMPCNFJUMJ659"
"NO8131754327","5299008G1E4GFZR3QL53"
"NO8131754327","529900FYAQ4PVMVXVF84"
"NL9014666826","529900NAJQOFVVBADA34"
"NL9014666826","529900NS3GMIJVLSH116"
"NL9014666826","549300F7JG0KNKXWKZ08"
"NL9014666826","5493007H52AYZJKTHS22"
"LT9749902928","549300B6P0UZZLGKE796"
"LT9749902928","5493007H52AYZJKTHS22"
"LT9749902928","5493001420Q57WID6217"
"LT9749902928","529900HTTKWH3JNK9335"
"CY8687071655","635400CS6QPXBSKDCN41"
"CY8687071655","5299009ECGN4GD03UY30"
"CY8687071655","529900FCQUWFCS2WFQ40"
"CY8687071655","54930077ETU32ZIMU680"
"FI4482382278","25490058HC8QF7RJ3827"
"FI4482382278","5493000XA8M1JTV4ZD64"
"FI4482382278","5299000PEFQQEB5OGZ93"
"FI4482382278","529900DLES7P1TCYPM83"
"AT5462119396","52990030JDQ43FQ8M718"
"AT5462119396","529900CRZ2BZ3NEFZK77"
"AT5462119396","529900TUYK8SFCHQ3076"
"AT5462119396","5493008BVNEL8546MK03"
"NL7927475748","5493003BDYD5VPGUQS04"
"NL7927475748","254900BU7YAMM7MTXB84"
"NL7927475748","529900R54FIEI2HXHH86"
"NL7927475748","549300CI13TTRZSRJV34"
"AT7027677088","529900ETVH54K2OIRO19"
"AT7027677088","529900ED9KS8PXXGV873"
"AT7027677088","549300P481QIQARJQI17"
"AT7027677088","5299000AF58N6DVTY088"
"IE6506681562","529900582CZR3DANMR96"
"IE6506681562","213800HQ3SEC4XDRMW78"
"IE6506681562","529900CI6MHV0H675228"
"IE6506681562","5299008YCNQ2ZCL7NQ13"
"BE1939362601","5299006MRMFYKKQU4A96"
"BE1939362601","529900UHDAFWQ87PM255"
"BE1939362601","5299009FGMTIO194ZU98"
"BE1939362601","5299002RAQ8UIG1NFQ40"
"EE9410090291","549300XL0CAPYOJAG264"
"EE9410090291","549300EEZD541NHWO738"
"EE9410090291","52990026WU4MWFA1P303"
"EE9410090291","549300K0BHJ9BX9J8J87"
"CZ7533605848","815600F2507D2B946442"
"CZ7533605848","097900BHF50000076475"
"CZ7533605848","5299000AF58N6DVTY088"
"CZ7533605848","549300MGN03W4U2NK749"
"BY4223438982","529900J7BAJVP3O1WQ70"
"BY4223438982","549300YXAEXHJ3XN3U92"
"BY4223438982","5299007MD6I12CTKQM41"
"BY4223438982","549300KH3XDPHJ5O8L97"
"MK5531095111","529900FGBJM9Q144U153"
"MK5531095111","5299001GRQUZADRADN70"
"MK5531095111","529900HHE04GA1UV8Y59"
"MK5531095111","549300AQRUHYWYR0T637"
"LV3334179146","529900JYUND014UQ0P58"
"LV3334179146","5299007T8YAN2HMK3A24"
"LV3334179146","213800J6H2IQOAMK1255"
"LV3334179146","529900IAWC89VMVDWH58"
"BG4608032068","549300J42PEORM8HGR17"
"BG4608032068","5493002Z1PPD26D0QT04"
"BG4608032068","529900QGJ9AHLS3PJ393"
"BG4608032068","549300FOQJLKUZUYXS78"
"BG4553573679","5493005EB366SL4UE309"
"BG4553573679","5299002X77REUXF48O72"
"BG4553573679","52990028YYXNOY4VCL59"
"BG4553573679","529900VKMC4KQXRCWQ85"
"PL2592127607","529900582CZR3DANMR96"
"PL2592127607","549300JDEB2OPC0A5F18"
"PL2592127607","254900MHTFH65CWFJP42"
"PL2592127607","5493008EK06BBQGICG76"
"RS5714600475","529900CYMVBQDMUMAG81"
"RS5714600475","549300H3WR78JYSTWS65"
"RS5714600475","529900EGEA1JYL9ONH25"
"RS5714600475","529900KRQNFT92BXR447"
"CY7514278338","529900DAUNIPA0EBPB86"
"CY7514278338","5493004NRK1XLI2A3K89"
"CY7514278338","2138007MRI6ND89YY940"
"CY7514278338","529900342F7JSPI4TQ30"
"GB6973894135","529900WYFA4QVEYXU932"
"GB6973894135","5299005LAFRILI4X6N79"
"GB6973894135","335800S9IH4ZCL5Z4F95"
"GB6973894135","529900TZ36JMEVRLVK72"
"IT8162737657","5299009R5QPQNC289O97"
"IT8162737657","25490072EC3VZGVO9626"
"IT8162737657","529900K3CBIIFX4H8G15"
"IT8162737657","529900G4O4VLOG0B5168"
"RS2716834599","315700ZQ6Y5JR4KAQ888"
"RS2716834599","549300ZYM6I6IJNZSL65"
"RS2716834599","54930019V5SB6EJM2H90"
"RS2716834599","213800ABBDUPIFMITV66"
"CH5973786345","254900ZO3PU05KI42S82"
"CH5973786345","529900EHFBA8MNCV8M81"
"CH5973786345","549300L1BI3GK8BXJQ09"
"CH5973786345","549300LRI77T5F28OH18"
"CZ3141334796","529900YHRPQXXQ333M09"
"CZ3141334796","549300EXXKH0V10CGH02"
"CZ3141334796","549300YYRT3XLIRLLL59"
"CZ3141334796","5493005WOBFWIL4QR777"
"CH9235535780","5493009N0J5CNP5J5347"
"CH9235535780","529900HNH6UOOF40A490"
"CH9235535780","5493006E7ZWTCS5JKI68"
"CH9235535780","529900A6KXIFZYVGEF38"
"LT1605305659","529900ICLRH9E6KH5W68"
"LT1605305659","529900VSJSTELS1POT69"
"LT1605305659","549300OE23SIZ7E43C78"
"LT1605305659","529900S9F63QBTGJ1A75"
"BG9267461912","529900YE6Y95CVL67825"
"BG9267461912","254900DB28E4TYR5ZI32"
"BG9267461912","5299002RAQ8UIG1NFQ40"
"BG9267461912","7D9EHZL14BBPJWTN6S08"
"BY9011549736","5493004SYPRAVRVNK561"
"BY9011549736","21380012EA5RD6HRXS79"
"BY9011549736","52990067TXFDXKPELT70"
"BY9011549736","529900S1A96YDD1JGH51"
"CZ4411724030","5299003L7YAXHP6Z7T75"
"CZ4411724030","724500LP44IH58MTAM38"
"CZ4411724030","529900Y6FEIUGQNZ1D55"
"CZ4411724030","549300Z8PET0HZ1GOT63"
"DK5802697285","54930040NVHI566OSB56"
"DK5802697285","5299008BMNMEZL4O6K10"
"DK5802697285","529900CAH1061V56SZ46"
"DK5802697285","529900JFVQC0P8BAQO25"
"CY3869130602","549300DVU2F5SEHCOD16"
"CY3869130602","529900BUTOYN9W7Y6103"
"CY3869130602","5299002I8P5HGKM83883"
"CY3869130602","5493003UBWGSYIWIWI94"
"GB9112117827","549300DR61OKD1UKCK14"
"GB9112117827","529900N18TNY5GGROH52"
"GB9112117827","529900RQWZ39LYKXZ261"
"GB9112117827","81560051C72CA7CA9204"
"SI3034685711","529900VE4DGRT7DYCV17"
"SI3034685711","549300GJHKOASCB86D81"
"SI3034685711","549300IW10AMZJY6MT60"
"SI3034685711","549300U08TTKCUFWTC83"
"BG1915627883","529900ETVH54K2OIRO19"
"BG1915627883","52990058YIHY59G9ZR75"
"BG1915627883","254900NMY5MOED23VJ58"
"BG1915627883","549300SO9Y18J63KY369"
"EE9986181265","5299006B34ANR1HH4Z58"
"EE9986181265","549300C70MG9WBFGD996"
"EE9986181265","529900CFOWM2V62I4634"
"EE9986181265","529900KO608UPZKNW059"
"AT8783775273","5493003T9FC00681FQ76"
"AT8783775273","549300Y47GPQA88GE404"
"AT8783775273","52990028YYXNOY4VCL59"
"AT8783775273","5299006IN876JQTX7035"
"BE9941456956","529900NRU8XMPR3BIF43"
"BE9941456956","54930040NVHI566OSB56"
"BE9941456956","529900YLDY70L7O07T27"
"BE9941456956","529900LZC0DRQ7BS1A85"
"IS5983977480","5299005LMBRRMUC6RE06"
"IS5983977480","529900I37PA2FQ4BZ244"
"IS5983977480","5299001FKJ6Q6AQMU144"
"IS5983977480","529900EYYGOCP4180B15"
"FI5053523545","549300FOQJLKUZUYXS78"
"FI5053523545","529900S8GVBA9SFCOD21"
"FI5053523545","549300AQRUHYWYR0T637"
"FI5053523545","529900JMJSBZQ87VS279"
"HR6780977070","529900A0FQ3CD6DXKL22"
"HR6780977070","529900CYTFL4QPESXQ96"
"HR6780977070","529900S8LDIPTXXYVZ33"
"HR6780977070","529900R6B2KGUI1XI539"
"US1692339862","5299005LAFRILI4X6N79"
"US1692339862","213800IPN2AVTPFEY722"
"US1692339862","52990052Q1R965JND538"
"US1692339862","529900EXEXHRQZ2OMZ10"
"CZ4507499738","529900Y3U56W0GL6NC56"
"CZ4507499738","5493001IXBCR0DBMT021"
"CZ4507499738","5493002D2LSSUA5KUB24"
"CZ4507499738","529900FO49LVGHYC4065"
"PL8550302236","529900MEJVKCGUA49N75"
"PL8550302236","5493001YVFV3APNDVC85"
"PL8550302236","549300YFPZE6JASST408"
"PL8550302236","5493004QI6E3PJNCEB09"
"MK1973379381","5299007PCBRDQNDLIC93"
"MK1973379381","549300MSY5NIVC0BME80"
"MK1973379381","549300JR63IQRTE0HQ66"
"MK1973379381","54930077ETU32ZIMU680"
"SE9129247140","549300J6YMCJ7SQIN765"
"SE9129247140","529900MWGOF8PJ3ROR27"
"SE9129247140","549300DIVO0BXH2SBY91"
"SE9129247140","213800H9NKSYPBYZW713"
"IT1554481005","529900598KUP7JQ9R531"
"IT1554481005","5493006E7ZWTCS5JKI68"
"IT1554481005","549300MD5X41UEQSKN80"
"IT1554481005","529900IDIVPXHQ72XG19"
"RS3958410749","529900ST7CHA4EJJ5Y85"
"RS3958410749","21380088NAML2SHD7354"
"RS3958410749","097900BFBW0000007583"
"RS3958410749","D1HEB8VEU6D9M8ZUXG17"
"FR3824371476","724500LP44IH58MTAM38"
"FR3824371476","549300L70BS183Y6ML67"
"FR3824371476","549300TCEMHQ8ZPOQN53"
"FR3824371476","5299007T6TSDKGOZT139"
"MT8511587437","549300Y7J8F0WHPKAO48"
"MT8511587437","5493000A1VODC8HM2X72"
"MT8511587437","529900KRQNFT92BXR447"
"MT8511587437","549300Z2UVWOX086RH29"
"SK6784338427","5493000DGQV6XEQTMA79"
"SK6784338427","5299007PCBRDQNDLIC93"
"SK6784338427","529900UK1NI11U9GYA54"
"SK6784338427","529900SWPDY3ZOZ2RU29"
"EE5221628183","2221001BQYKCFUQGX885"
"EE5221628183","529900H4B2BYOHCXQT18"
"EE5221628183","529900WVPR11634UDH19"
"EE5221628183","529900VW66KWYPYBWX02"
"MT4883935514","549300UJUJ65LGFB2O06"
"MT4883935514","529900AJVHJLY2I8FE09"
"MT4883935514","529900Q3QYV322RCXV42"
"MT4883935514","81560010A66C92CC6B72"
"NL2357806839","5493008EU8J8PL7Y5C92"
"NL2357806839","549300TKZ65QBK75OV06"
"NL2357806839","529900M5R358Y7RFZC10"
"NL2357806839","529900FQYXU2B7BZVK55"
"CA1252746833","529900EXLVVB9837SG88"
"CA1252746833","529900L6FR3GXUDX5E97"
"CA1252746833","529900UUPS52ZOCZKF69"
"CA1252746833","549300ZHFZ4CSK7VS460"
"BG3983493523","315700J8XIW0OKXNC270"
"BG3983493523","529900TK95D6PNN50T90"
"BG3983493523","254900KI5DXU2KFMJT31"
"BG3983493523","254900FT4XJ2MNNHOV07"
"SI8500149558","315700U9KOZJ14MLJ486"
"SI8500149558","254900ER2GAN3HN8T134"
"SI8500149558","529900KO608UPZKNW059"
"SI8500149558","549300XXMXUO9TJN5940"
"UA2797958168","529900J30GWJRSJWJL27"
"UA2797958168","097900BFB40000007898"
"UA2797958168","5299008D41Q10B8NQT96"
"UA2797958168","5493000JDDVBZ8UZSN12"
"BE3187702814","549300J195RNZCVP3838"
"BE3187702814","529900DTQJ1MSKEYNF35"
"BE3187702814","549300G0GSODGZH94Z69"
"BE3187702814","529900MWGOF8PJ3ROR27"
"UA6265964494","529900P9BPJMXLDBRO14"
"UA6265964494","5299008B6YR6B0NVDR34"
"UA6265964494","5299009JK8LPHBPN5394"
"UA6265964494","52990003G0GD0V8KMG88"
"IT7684562106","549300BJ8K2OKYIY6557"
"IT7684562106","549300XBRBK4EN2W1S73"
"IT7684562106","549300ZYVRX9U4H2G182"
"IT7684562106","254900BU7YAMM7MTXB84"
"EE7148623985","529900IAHC7NHDPKB514"
"EE7148623985","549300REO5QF1SB6GI95"
"EE7148623985","549300CI13TTRZSRJV34"
"EE7148623985","549300L7KK5SSD1CE028"
"NO1703825611","2138002IYWR6DJRFCR82"
"NO1703825611","529900GOHDG5JKIJXT78"
"NO1703825611","2138009I1PA8O8COMX38"
"NO1703825611","549300J42PEORM8HGR17"
"GR3855944954","529900TNCYLRNC5C3L95"
"GR3855944954","529900A766VIVHCZI298"
"GR3855944954","529900342F7JSPI4TQ30"
"GR3855944954","549300OE23SIZ7E43C78"
"NL7119362399","529900UKTXP0UD6IGX72"
"NL7119362399","529900QC5I7V6HP3BP65"
"NL7119362399","529900S8LDIPTXXYVZ33"
"NL7119362399","549300M1SLMSDGML5M49"
"CA5915014697","529900YKOMNKL9H6AD64"
"CA5915014697","549300QKDHYRRQH2MB86"
"CA5915014697","549300K0QWI1YUM0XR14"
"CA5915014697","2138007VAW5DY3H8W892"
"BY4173785783","254900FT4XJ2MNNHOV07"
"BY4173785783","5299008NE00H3YQEL294"
"BY4173785783","549300OPF00Q4W8XUQ95"
"BY4173785783","52990070XL8QPES0SM31"
"SI2648600324","097900BFB40000007898"
"SI2648600324","549300YYRT3XLIRLLL59"
"SI2648600324","213800D3OXAL3N7T1S19"
"SI2648600324","529900KVW94VJZZKLS55"
"BE8368471023","529900JYUND014UQ0P58"
"BE8368471023","529900LIA3WOFCVPCV67"
"BE8368471023","529900KMVAGFZ68CEJ78"
"BE8368471023","529900SON3O699CD4728"
"AT7802456344","52990067TXFDXKPELT70"
"AT7802456344","529900ZSLE0TD0PZ1N92"
"AT7802456344","5299008B6YR6B0NVDR34"
"AT7802456344","254900DJJZ72SAHA1E19"
"HR3345520409","635400DHOJIZJJYGAE85"
"HR3345520409","529900Z8F1DQ2PF5GJ97"
"HR3345520409","549300NQTXXC75T4U228"
"HR3345520409","549300XGJX6FOWLOI640"
"CH5923705598","52990016W975JPQ70O29"
"CH5923705598","549300CI13TTRZSRJV34"
"CH5923705598","52990062TWNTBB4FZ290"
"CH5923705598","254900ER2GAN3HN8T134"
"DE6001828965","549300U68K8MD40UXJ91"
"DE6001828965","5493005855K3SAA7PC10"
"DE6001828965","529900JRUMEIH0YZZB14"
"DE6001828965","5493004SK73IFOXRC732"
"AT6818963124","549300WVLFJHD8I4GY79"
"AT6818963124","549300XTY6LAIQSLES59"
"AT6818963124","52990022VR1G64LO5689"
"AT6818963124","097900BFBW0000007583"
"RS6396598894","549300TPJCLC0OHGM008"
"RS6396598894","529900THBFKA4IXJAS93"
"RS6396598894","529900CRZ2BZ3NEFZK77"
"RS6396598894","254900DJJZ72SAHA1E19"
"MK7827761517","529900XL7PBQEL6AW973"
"MK7827761517","529900HOV70V5IBRYZ19"
"MK7827761517","PRNXTNXHBI0TSY1V8P17"
"MK7827761517","549300H3WR78JYSTWS65"
"NO5562176869","5299007PCBRDQNDLIC93"
"NO5562176869","2534006G7F7F1TFC9T77"
"NO5562176869","254900BU7YAMM7MTXB84"
"NO5562176869","529900471V91AHVTJ560"
"AT9883147861","254900WMVIZ77ZGIMS83"
"AT9883147861","5493001T7NJUN529UI86"
"AT9883147861","529900LJ3ZRKEDU0CF57"
"AT9883147861","815600600AFFB625A810"
"PT8934114614","549300XM19CFWDDX8D65"
"PT8934114614","549300UTZ28EB4QVWS85"
"PT8934114614","529900Q4GO8QFCSYWC20"
"PT8934114614","254900ZO3PU05KI42S82"
"BY2777192276","529900ZZJAQCYNWU7E47"
"BY2777192276","529900MEY9ARGNPPPE18"
"BY2777192276","635400KXBJFOZCXLPP05"
"BY2777192276","529900QCKZM6WSIFQN07"
"FI2803499552","5493003I1VH2GQJB3Y41"
"FI2803499552","5493008LO91Z9AW4MF72"
"FI2803499552","5299004NWPDE4L4VC454"
"FI2803499552","529900U7SG8ULFKPU928"
"LV2677838924","5493006GEIBUF7U0CX27"
"LV2677838924","5299005LAFRILI4X6N79"
"LV2677838924","549300ZYVRX9U4H2G182"
"LV2677838924","529900X8EH8ZJQ099P39"
"PT5146922336","529900046FVSVFC80V70"
"PT5146922336","5299007CQ7QQYFIVNV49"
"PT5146922336","315700D3HU6XAF8GPG72"
"PT5146922336","213800RMAPKCXVCB3J34"
"HU2031688190","635400KXBJFOZCXLPP05"
"HU2031688190","529900VKMC4KQXRCWQ85"
"HU2031688190","25940012WVMVS3G5WP26"
"HU2031688190","529900U7AT9B9UMLXG16"
"CH4104109206","549300OVVY2IW4A3M076"
"CH4104109206","52990021U40DYSDLV579"
"CH4104109206","529900OMA6G6HP7X5523"
"CH4104109206","81560081EB02F8095508"
"US5889374383","254900KI5DXU2KFMJT31"
"US5889374383","5493008M0U92PEH43O65"
"US5889374383","5299000XIRBL7YOU9G65"
"US5889374383","5493001S1A2KX77G5V52"
"RO9278984564","635400SCBVV58JBVY513"
"RO9278984564","529900O5U0HI73M27T05"
"RO9278984564","5299005N8WCZ67Q76N96"
"RO9278984564","529900XFN4E5DO3EOC30"
"FR2658958089","549300TI1COTFUWYJC68"
"FR2658958089","254900E6900SXE7ZK016"
"FR2658958089","54930051L749LLNOVE73"
"FR2658958089","5493003SX1SBIYIFTC71"
"GR9498589842","254900QWU1BGP3Q0R988"
"GR9498589842","254900QVFOLJVWB2HH59"
"GR9498589842","549300G0GSODGZH94Z69"
"GR9498589842","549300PTK3ZQ3QOOL487"
"BG4667322810","529900TZ36JMEVRLVK72"
"BG4667322810","549300Y2X0LIF7TR8V70"
"BG4667322810","2138006QWFK8LX78NL81"
"BG4667322810","52990047I84DVP5HEZ85"
"IT7087750352","549300BSNZQC1S096092"
"IT7087750352","254900CUBFX95CP20C14"
"IT7087750352","5299005UKT5LJTX4T915"
"IT7087750352","529900CAH1061V56SZ46"
"IE9181165723","529900BIXCGW2FAOA038"
"IE9181165723","5493002D2LSSUA5KUB24"
"IE9181165723","549300FWRDT5UDU8HR60"
"IE9181165723","529900DF15DT6MUTOS08"
"RO7801465034","549300JB1P61FUTPEZ75"
"RO7801465034","52990001O0THU00TYK59"
"RO7801465034","097900BFBW0000007777"
"RO7801465034","213800U2NC79HDGLZN36"
"GB6000055383","529900JFVQC0P8BAQO25"
"GB6000055383","549300GP76I43V7TCK41"
"GB6000055383","213800RGDNNVUWF1BJ07"
"GB6000055383","549300L4XQP3GVOHVC84"
"PL7417707491","529900NM6WQ3LADCOM74"
"PL7417707491","549300MUHUFNRRI19O72"
"PL7417707491","52990052Q1R965JND538"
"PL7417707491","2549008YU9EOMHFUA249"
"RO5191461770","529900697VW9X2YUUN62"
"RO5191461770","529900ZSHWIEG4UHHI33"
"RO5191461770","5493008J0KRP28TPF798"
"RO5191461770","529900EASTFJG5LOZF27"
"CH5332940357","5299006MRMFYKKQU4A96"
"CH5332940357","959800T0A4UXULZQ5L09"
"CH5332940357","529900WYFA4QVEYXU932"
"CH5332940357","21380056OKZR5M1PTT56"
"DK4959849972","8156004F298245FBB836"
"DK4959849972","549300YFPZE6JASST408"
"DK4959849972","5299002YWHBSBV9P4B18"
"DK4959849972","549300SX7LKM3752HG14"
"SK7973410784","5493000KMHOLKOKRQH34"
"SK7973410784","529900K3OOVQYCUI7O21"
"SK7973410784","549300V6XZN8U57X4711"
"SK7973410784","2138003TJQDD92C95M54"
"SI4052791855","529900RQWZ39LYKXZ261"
"SI4052791855","529900SM0L6ZWFTHKD27"
"SI4052791855","549300LNGZ07WC5K8A26"
"SI4052791855","5299002I8P5HGKM83883"
"DK1008367780","5299009T3KWOCYE8BD14"
"DK1008367780","815600F2507D2B946442"
"DK1008367780","529900VSJSTELS1POT69"
"DK1008367780","549300HN604T6L7YRW35"
"SK3167317730","097900BFBW0000007583"
"SK3167317730","529900R8SW6D0TOM4Y51"
"SK3167317730","549300OJ66SPKX006J87"
"SK3167317730","549300SO9Y18J63KY369"
"HR4805178101","549300H7FLAWMJ7WAI95"
"HR4805178101","549300U7G18WDOTDJE77"
"HR4805178101","549300PQZEXBBQ5SLU78"
"HR4805178101","5299002RAQ8UIG1NFQ40"
"US2047073652","213800CBOERFQH934Q10"
"US2047073652","549300J7H1RQ24SIZ225"
"US2047073652","529900Y6XDJVFIL8X091"
"US2047073652","8156008F4B12928FDE93"
"IE5053089323","549300OPF00Q4W8XUQ95"
"IE5053089323","529900XGDXLEX5L16R90"
"IE5053089323","5493005X008R6A2PKW88"
"IE5053089323","5299008D41Q10B8NQT96"
"BE1888860847","54930007WI2JLQ7TRP44"
"BE1888860847","335800S9IH4ZCL5Z4F95"
"BE1888860847","549300GSRCQZCOFL8672"
"BE1888860847","789000N5SE3LWDK7OI11"
"IS7078323700","529900THBFKA4IXJAS93"
"IS7078323700","529900ZS8OVPXKLRNF83"
"IS7078323700","213800XTQLSGGOGRX936"
"IS7078323700","54930041LANR8OLEDY41"
"SI6824281037","529900QJ7JSKVLQ18G57"
"SI6824281037","7S8518QC0P5IKHFFCP88"
"SI6824281037","2549000LYD4Z71E7AT26"
"SI6824281037","549300UK7IYHLTFT4Z67"
"EE4605032394","549300R357WFIUHYXQ97"
"EE4605032394","5299002SRAEOQQ5YMZ55"
"EE4605032394","529900OSZ0ZQI95BZO12"
"EE4605032394","5493003UBWGSYIWIWI94"
"AT1638642410","549300GP76I43V7TCK41"
"AT1638642410","549300BSNZQC1S096092"
"AT1638642410","5299007XMJKIQYA1QE53"
"AT1638642410","529900OVSJWHY1FYLQ08"
"DE3719595543","529900Q6P4NPT9JGOH02"
"DE3719595543","529900GTK8H8QFIK4697"
"DE3719595543","529900ZS8OVPXKLRNF83"
"DE3719595543","254900AB7MI19OOLEE20"
"SK1522180544","8156005D1B85D22FF777"
"SK1522180544","529900P46RLVHS16T127"
"SK1522180544","5299003L7YAXHP6Z7T75"
"SK1522180544","529900NAJQOFVVBADA34"
"CZ6487699715","5493009H72X8TTX98V31"
"CZ6487699715","529900FQYXU2B7BZVK55"
"CZ6487699715","529900TRRKOG3M46JN80"
"CZ6487699715","529900QPGSA3S6ZLS208"
"RS7218431033","549300WVLFJHD8I4GY79"
"RS7218431033","5299006TTH3L261N9M28"
"RS7218431033","549300QXUC05PHJGB915"
"RS7218431033","529900RO45LRDMWLRI57"
"MT5630065441","549300JNOEGKUYES6V84"
"MT5630065441","724500HYJ0NWTYX7KO74"
"MT5630065441","529900TUYK8SFCHQ3076"
"MT5630065441","254900DJJZ72SAHA1E19"
"LT1220376940","529900K3CBIIFX4H8G15"
"LT1220376940","529900A5TAKNCSD2LP56"
"LT1220376940","549300LRI77T5F28OH18"
"LT1220376940","506700CX762Q165KF826"
"GR2757453274","213800RMAPKCXVCB3J34"
"GR2757453274","529900YBCHPCBU0CBV03"
"GR2757453274","5299003SNCZ1JCMYTE71"
"GR2757453274","529900Z8DN19BGSE6V76"
"CA1858374185","529900EKOYG8BTTOMR05"
"CA1858374185","549300KS23R70QZVZF84"
"CA1858374185","5493004DRENYD68POX17"
"CA1858374185","529900SOB5CXRQN8QG83"
"SE4032234198","529900H4B2BYOHCXQT18"
"SE4032234198","549300H62SNDRT0PS319"
"SE4032234198","549300OGMPCNFJUMJ659"
"SE4032234198","789000XDPJFDGEU86P31"
"GB5461252904","549300I1NMOBS4B1LT88"
"GB5461252904","549300Y5DWNPH2EAYP47"
"GB5461252904","549300YYRT3XLIRLLL59"
"GB5461252904","549300H7FLAWMJ7WAI95"
"FR7575142974","529900DAUNIPA0EBPB86"
"FR7575142974","52990064A4W4C6COCM83"
"FR7575142974","81560001A6084D9ACA86"
"FR7575142974","097900BHF50000076475"
"ES9989376949","529900125QMP3CVGD297"
"ES9989376949","529900LNPBJZ4ZZB2G60"
"ES9989376949","529900RBERZ83V1GT415"
"ES9989376949","213800YU5NDGOH7VDE67"
"AT2671107866","549300FWRDT5UDU8HR60"
"AT2671107866","52990030JDQ43FQ8M718"
"AT2671107866","81560084D60FE553FF12"
"AT2671107866","529900NWNZBC49AB6198"
"BY2841387755","5493000JDDVBZ8UZSN12"
"BY2841387755","549300OO89TODXM8FJ80"
"BY2841387755","529900XRRQ2VSM2MOR55"
"BY2841387755","5493008EU8J8PL7Y5C92"
"GB7236623121","529900GNT5N2FZCW9Q69"
"GB7236623121","529900E2KUUI0H5RT825"
"GB7236623121","213800XTQLSGGOGRX936"
"GB7236623121","5299001R4A9Z0RY8HJ59"
"BE4921561261","5493007UJW4N82PLDU29"
"BE4921561261","5299001W3P545EI0TK57"
"BE4921561261","549300SE1UII3HYCP132"
"BE4921561261","5299007XKM5UOG77O612"
"CA9963779806","5493005EB366SL4UE309"
"CA9963779806","5299001PZYZQV5PVWU54"
"CA9963779806","549300FOQJLKUZUYXS78"
"CA9963779806","8156004EEAF599C9DB95"
"PL5806398007","549300GJHKOASCB86D81"
"PL5806398007","529900TX0LIN4445VN54"
"PL5806398007","549300RI7DPPJD4J3721"
"PL5806398007","213800IT91XM3CMQQP75"
"SK8511689770","549300FDMSUHKT8PXB93"
"SK8511689770","529900DD60KVXR4FVW12"
"SK8511689770","5493006ID8PU5DEXDO97"
"SK8511689770","81560007FA7AC2BE5C45"
"RS9691765590","529900FQ84AANAEQGS94"
"RS9691765590","529900EPV95P6S515H56"
"RS9691765590","529900JZ3HPIWJWLNL56"
"RS9691765590","529900XFN4E5DO3EOC30"
"ES3571998072","253400D2DDB0E8JXA126"
"ES3571998072","213800QILIUD4ROSUO03"
"ES3571998072","529900POIP5FANBUZ584"
"ES3571998072","335800XN3TLVKZDB1A49"
"GR3993388125","549300REO5QF1SB6GI95"
"GR3993388125","635400VANUW6PQNPKJ70"
"GR3993388125","KR6LSKV3BTSJRD41IF75"
"GR3993388125","529900046FVSVFC80V70"
"HR6383986021","529900N18TNY5GGROH52"
"HR6383986021","529900Y3O6X652Z2AN33"
"HR6383986021","529900T0GN1VKFTMM315"
"HR6383986021","Y28RT6GGYJ696PMW8T44"
"NL4661100714","254900F4L5080YFUQO91"
"NL4661100714","529900DF15DT6MUTOS08"
"NL4661100714","5299009ECGN4GD03UY30"
"NL4661100714","5493003NE3LX8VLUVK24"
"HU8709633283","254900KI1ALVIZQQZX24"
"HU8709633283","529900AAJLUQXDXZJ880"
"HU8709633283","213800LH8X28724UZ616"
"HU8709633283","549300I9Q60NVVS6I257"
"PT3611834638","529900I4PZHJOAZWYS86"
"PT3611834638","529900S1LZOT70TOMA56"
"PT3611834638","529900VE4DGRT7DYCV17"
"PT3611834638","529900A5TAKNCSD2LP56"
"SI1095578423","81560058D9F02B0FCD27"
"SI1095578423","54930007WI2JLQ7TRP44"
"SI1095578423","529900TZ36JMEVRLVK72"
"SI1095578423","635400YNKKOVP6RFXP53"
"EE6804952049","529900M0ZXN2D2ZESI73"
"EE6804952049","213800LOVTMVCEXXDE17"
"EE6804952049","254900IM9BUUJTALDP69"
"EE6804952049","529900VELVP73ZAHIO43"
"SE3842886784","549300Z8PET0HZ1GOT63"
"SE3842886784","549300R4FNKEIE8UY208"
"SE3842886784","529900H0Z3LEX11CQJ52"
"SE3842886784","815600978329D468F632"
"DE7744717526","549300ORS5KCRGSJJG24"
"DE7744717526","549300B6P0UZZLGKE796"
"DE7744717526","549300FDMSUHKT8PXB93"
"DE7744717526","529900N7IBZHYLZHHW02"
"BE3459697005","5299004IV5BVRG272A28"
"BE3459697005","2138006HP23N8GYS9Q88"
"BE3459697005","254900ER2GAN3HN8T134"
"BE3459697005","529900THBFKA4IXJAS93"
"MK3818104526","549300IP7H46C3FB8404"
"MK3818104526","529900PP5INPXJG8JM22"
"MK3818104526","529900DGSQR7P9L7FM63"
"MK3818104526","549300XEOB85AXEXN594"
"CA8187368489","529900EASTFJG5LOZF27"
"CA8187368489","81560001A6084D9ACA86"
"CA8187368489","549300VWGK6VDYE07K51"
"CA8187368489","529900OVSJWHY1FYLQ08"
"HR5837412274","5299009ECGN4GD03UY30"
"HR5837412274","815600DE4E187F69E210"
"HR5837412274","529900RRSFST343TZB58"
"HR5837412274","5299007OX9HAC1QNPW69"
"ES4650397757","549300GSRCQZCOFL8672"
"ES4650397757","529900S5HVA4QRKPS102"
"ES4650397757","52990028YYXNOY4VCL59"
"ES4650397757","5493002D2LSSUA5KUB24"
"BY1066910247","335800C1KV5TPG2GEX70"
"BY1066910247","5299005YJQDLC0YHHR78"
"BY1066910247","815600812B9FCEADA322"
"BY1066910247","549300MYFXTPIIXSNK50"
"CA1124720797","549300H62SNDRT0PS319"
"CA1124720797","815600600AFFB625A810"
"CA1124720797","2534006G7F7F1TFC9T77"
"CA1124720797","549300YX4S1LLSMK2627"
"IT5491001588","6354002RLNVEPWCULI59"
"IT5491001588","529900FQ84AANAEQGS94"
"IT5491001588","3358007MD8NFWEKRC164"
"IT5491001588","5299006JRU7A099F8949"
"HR2481178561","529900D1WE146R9SDZ88"
"HR2481178561","5493000DGQV6XEQTMA79"
"HR2481178561","529900I5EWMMMCSTS175"
"HR2481178561","5299005C3ALN0FW10R56"
"EE6519936679","8156008BFE3F29A7B591"
"EE6519936679","529900SON3O699CD4728"
"EE6519936679","5299008B6YR6B0NVDR34"
"EE6519936679","529900NNSS91OZRYZ793"
"SI9371748330","549300KRHG5GM7DXKE41"
"SI9371748330","52990067TXFDXKPELT70"
"SI9371748330","549300DVU2F5SEHCOD16"
"SI9371748330","9KVDYMLZGG8ZN3RMPY41"
"HR5552248564","549300GP76I43V7TCK41"
"HR5552248564","529900598KUP7JQ9R531"
"HR5552248564","529900SWYVP0QMM8S558"
"HR5552248564","529900EHFBA8MNCV8M81"
"CH8533581447","549300WVLFJHD8I4GY79"
"CH8533581447","529900IC1PRZQNIW7P31"
"CH8533581447","529900X8EH8ZJQ099P39"
"CH8533581447","815600EC178EEE69E481"
"AL9873391927","213800J6H2IQOAMK1255"
"AL9873391927","549300P1BW0YOP2GMX46"
"AL9873391927","5299000Q61YII5IIPF54"
"AL9873391927","529900Z8F1DQ2PF5GJ97"
"BY6479880972","529900A0FQ3CD6DXKL22"
"BY6479880972","5493006VU2HFXGSBFT75"
"BY6479880972","213800HQ3SEC4XDRMW78"
"BY6479880972","549300BSNZQC1S096092"
"EE8085738654","5299003RMY6TOGE8F046"
"EE8085738654","5299004NWPDE4L4VC454"
"EE8085738654","254900F4L5080YFUQO91"
"EE8085738654","529900962NO9K94FW987"
"GB5693495763","789000N5SE3LWDK7OI11"
"GB5693495763","529900KEKFXBWO7IN551"
"GB5693495763","529900WVACOBRSFEIZ65"
"GB5693495763","529900U2L2B187C8DU16"
"DE2837147668","529900LNPBJZ4ZZB2G60"
"DE2837147668","549300YFQIZT24ZPT137"
"DE2837147668","529900ONCW2ZRPJIU019"
"DE2837147668","52990026WU4MWFA1P303"
"CZ9689411266","529900ZSLE0TD0PZ1N92"
"CZ9689411266","549300HN604T6L7YRW35"
"CZ9689411266","549300TPFN3KKJB11W19"
"CZ9689411266","549300I9Q60NVVS6I257"
"LV2353568499","635400VANUW6PQNPKJ70"
"LV2353568499","549300Y47GPQA88GE404"
"LV2353568499","529900WHMCEWN274OT10"
"LV2353568499","529900EXN20KY0ZUFI54"
"BY4561587841","54930018UN596IHLRW36"
"BY4561587841","529900SGNVLFY9Z13205"
"BY4561587841","529900FCQUWFCS2WFQ40"
"BY4561587841","5299002R6SW0HHWT3W09"
"SE1525653733","549300OJ66SPKX006J87"
"SE1525653733","529900ECAOHR0J9ETZ30"
"SE1525653733","52990009UNDL8B1ACI35"
"SE1525653733","529900IF2M4HDRF7OY75"
"IT5179768908","529900R1CDB2JWCHM252"
"IT5179768908","529900QCKZM6WSIFQN07"
"IT5179768908","549300Z1M7JRMXGYHB04"
"IT5179768908","254900XL6PTO1ULA2525"
"CH8272534445","213800J6H2IQOAMK1255"
"CH8272534445","549300YD2C3QFXNLSX70"
"CH8272534445","529900876IR1IQJD7Y91"
"CH8272534445","529900DAUNIPA0EBPB86"
"EE6081319716","529900AXUGQC7E2M7N91"
"EE6081319716","529900ELQAD8AVPWLI93"
"EE6081319716","529900TDVWJDF9M5TS35"
"EE6081319716","529900EXLVVB9837SG88"
"FI4534917025","5493000SL9LZZ6YZPU12"
"FI4534917025","529900BY5GL0ZQFGXT09"
"FI4534917025","5299002SRAEOQQ5YMZ55"
"FI4534917025","529900QAUNRI1RA86094"
"BG3040334230","529900P0UUJHBJF0A066"
"BG3040334230","213800N5X8TWEVQKO725"
"BG3040334230","5299001OZ0PA3VPR3N91"
"BG3040334230","529900VQTGY0OGZTCS62"
"US8291950095","52990092CN7SM9DZCR09"
"US8291950095","549300IZVFHOWFWNNK55"
"US8291950095","549300P33YI6QWPI9E14"
"US8291950095","529900H0Z3LEX11CQJ52"
"LV5813197719","5299007NUHEK3805DE85"
"LV5813197719","5299006IN876JQTX7035"
"LV5813197719","529900NLN09OGDQ8SP33"
"LV5813197719","529900Z8F1DQ2PF5GJ97"
"HU6680213205","54930011088BWM62XI45"
"HU6680213205","529900Y6FEIUGQNZ1D55"
"HU6680213205","549300J8JZ4ZGOH93H22"
"HU6680213205","254900QVFOLJVWB2HH59"
"GR6889095154","529900SETJ7JMNI5AD78"
"GR6889095154","549300U08TTKCUFWTC83"
"GR6889095154","5493000YZPPFRVZ7PF37"
"GR6889095154","549300VQVIU1GBD0RH55"
"IE5128796474","8156003F461C3D10B315"
"IE5128796474","5299003WG7KATU7TAB06"
"IE5128796474","5493000KMHOLKOKRQH34"
"IE5128796474","549300V6XZN8U57X4711"
"ES5768495999","213800CGWUEIX6ZHBX50"
"ES5768495999","54930001JAUYYSFBMP93"
"ES5768495999","529900OVSJWHY1FYLQ08"
"ES5768495999","549300Z8PET0HZ1GOT63"
"CA2228627654","5299007CQ7QQYFIVNV49"
"CA2228627654","5493005855K3SAA7PC10"
"CA2228627654","5299005P4GYQOPFDEA10"
"CA2228627654","254900KI1ALVIZQQZX24"
"FR1036680129","529900CKC4TXHVRKX638"
"FR1036680129","52990045Q7IO9Q9Y3M29"
"FR1036680129","549300ECJDDLOVWWL932"
"FR1036680129","724500LP44IH58MTAM38"
"LT5961056297","529900EXN20KY0ZUFI54"
"LT5961056297","549300J195RNZCVP3838"
"LT5961056297","815600F2507D2B946442"
"LT5961056297","529900PFZ21Q6MS9E857"
"IE2156389622","529900H9AT7W54KGHF30"
"IE2156389622","815600C0086826921F56"
"IE2156389622","549300EM43S0YRGIMU78"
"IE2156389622","5299005P4GYQOPFDEA10"
"BG7776779466","529900ED9KS8PXXGV873"
"BG7776779466","549300P1LHUDFRM6G143"
"BG7776779466","5299005P4GYQOPFDEA10"
"BG7776779466","529900HID1ZVXU8NT789"
"CA9592472758","529900666ZJ61Q61R974"
"CA9592472758","9598008TTENY06M2M316"
"CA9592472758","529900Z8DN19BGSE6V76"
"CA9592472758","549300PTK3ZQ3QOOL487"
"DE5035834095","529900XW0MDD0HF0VN23"
"DE5035834095","529900C3CVON40JOYH55"
"DE5035834095","635400VPPM8R1SOESU52"
"DE5035834095","529900OT0RA0QHZML224"
"FI2927467278","5299001OZ0PA3VPR3N91"
"FI2927467278","5299007MD6I12CTKQM41"
"FI2927467278","529900PP5INPXJG8JM22"
"FI2927467278","529900H9ABDZ8XIMMV92"
"EE2576958010","529900A6KXIFZYVGEF38"
"EE2576958010","529900JZ3HPIWJWLNL56"
"EE2576958010","529900C14HKIZU3NHI50"
"EE2576958010","5493009H72X8TTX98V31"
"PL8172768002","549300X2FSMEMXGKF151"
"PL8172768002","529900VSJSTELS1POT69"
"PL8172768002","529900J5LZ8NSD1NDD83"
"PL8172768002","315700J8XIW0OKXNC270"
"MT6887009174","549300VNB1ZXI6EKTQ66"
"MT6887009174","529900WHMCEWN274OT10"
"MT6887009174","549300GVKMPD2UBZF867"
"MT6887009174","549300UK7IYHLTFT4Z67"
"AT7892218792","529900SWZG9FZS4PPH60"
"AT7892218792","549300NKVNJWXBDMWC62"
"AT7892218792","529900WVPR11634UDH19"
"AT7892218792","549300P5FQEW7DOYK240"
"EE1545986212","254900ZO3PU05KI42S82"
"EE1545986212","549300OGMPCNFJUMJ659"
"EE1545986212","5299005YJQDLC0YHHR78"
"EE1545986212","529900TUYK8SFCHQ3076"
"GB8652684466","529900VP4MWYCP3LZM61"
"GB8652684466","5299001GRQUZADRADN70"
"GB8652684466","529900TWDO3KH4PYCY78"
"GB8652684466","549300HZPMLS59IYHW02"
"EE9889532664","529900WE0D9FIB4EQI28"
"EE9889532664","529900X253XLINEUH028"
"EE9889532664","529900J30GWJRSJWJL27"
"EE9889532664","5299000Q61YII5IIPF54"
"US3174743425","529900CK34A0NLD3NN83"
"US3174743425","529900X1YMA4ZKYHTN40"
"US3174743425","529900TUNVSQFZ481607"
"US3174743425","5299003WG7KATU7TAB06"
"LV1452458360","54930040NVHI566OSB56"
"LV1452458360","5299003WG7KATU7TAB06"
"LV1452458360","529900D3N8Y9MM5SRE67"
"LV1452458360","335800XN3TLVKZDB1A49"
"SE1457303152","529900J7BAJVP3O1WQ70"
"SE1457303152","21380039PDICI7H5EV76"
"SE1457303152","815600EC178EEE69E481"
"SE1457303152","52990028YYXNOY4VCL59"
"AL1535937396","213800U2NC79HDGLZN36"
"AL1535937396","529900WVPR11634UDH19"
"AL1535937396","529900CI6MHV0H675228"
"AL1535937396","254900AK05JYXH6SJ944"
"ES8078454395","5299003RWHA2ZD5T0R33"
"ES8078454395","529900TZ36JMEVRLVK72"
"ES8078454395","529900ICFDQRUNSXM915"
"ES8078454395","549300K3TK9076101D53"
"BE3761038687","529900T860I1EGF4AB55"
"BE3761038687","52990079PPW7G6DP9O83"
"BE3761038687","529900QPGSA3S6ZLS208"
"BE3761038687","529900O5U0HI73M27T05"
"BY5888203112","5493005CZJH1DM3UY563"
"BY5888203112","549300BDVRZX5RFNPT16"
"BY5888203112","5299005YJQDLC0YHHR78"
"BY5888203112","529900UQEDDC3E29UW81"
"IS4620598188","529900U2L2B187C8DU16"
"IS4620598188","549300M7Z0QGKMRGQI27"
"IS4620598188","549300Y47GPQA88GE404"
"IS4620598188","529900XWDFM4LA695B56"
"PL2062518048","529900J0N5FYROZOL786"
"PL2062518048","549300DZL0C3ZT51Z154"
"PL2062518048","529900UOUW9VB5CFLB19"
"PL2062518048","254900DJEPG1R3YK9J68"
"HU1402487418","529900RQWZ39LYKXZ261"
"HU1402487418","529900UE4LUJSN9CBQ27"
"HU1402487418","529900396G5HWCV38G39"
"HU1402487418","5493008M0U92PEH43O65"
"DE1454247585","5299005FDA3YO55CIL95"
"DE1454247585","529900VELVP73ZAHIO43"
"DE1454247585","549300Y5DWNPH2EAYP47"
"DE1454247585","529900ZJSEYT72X34K26"
"RS2111109247","529900CYTFL4QPESXQ96"
"RS2111109247","5299005XTWXW51FR9A63"
"RS2111109247","549300101YTPRIMUGT82"
"RS2111109247","5493004QW76FAU0B5N71"
"CH7478968890","529900TX0LIN4445VN54"
"CH7478968890","529900FZ18K4CHUQAV85"
"CH7478968890","529900H9AT7W54KGHF30"
"CH7478968890","529900NNSS91OZRYZ793"
"IS8871628828","8156002787EC1CD8C660"
"IS8871628828","8156002AD3004B9EC878"
"IS8871628828","529900MEJVKCGUA49N75"
"IS8871628828","81560084D60FE553FF12"
"SE7784106923","254900ER2GAN3HN8T134"
"SE7784106923","52990003G0GD0V8KMG88"
"SE7784106923","529900M5R358Y7RFZC10"
"SE7784106923","5493009N0J5CNP5J5347"
"IS8494176540","529900YHRPQXXQ333M09"
"IS8494176540","8EWQ2UQKS07AKK8ANH81"
"IS8494176540","6354002RLNVEPWCULI59"
"IS8494176540","5493008EU8J8PL7Y5C92"
"IT5857590020","52990007MC5RPMUF1R85"
"IT5857590020","549300HE1YLI2F7GWC55"
"IT5857590020","529900U6IYYUDUULIX86"
"IT5857590020","529900WHMCEWN274OT10"
"UA1898545947","529900MTD4K18WPZFU73"
"UA1898545947","2138006HP23N8GYS9Q88"
"UA1898545947","5493007ZV9V31T20K571"
"UA1898545947","529900XWDFM4LA695B56"
"CH7986257526","549300Z5N7CQSDUVWP11"
"CH7986257526","529900396G5HWCV38G39"
"CH7986257526","5493001YVFV3APNDVC85"
"CH7986257526","549300XZL5FXZNJIKL66"
"NO7268457279","529900NU19Y3EQLWRP08"
"NO7268457279","54930086Q1B3FHI81N04"
"NO7268457279","635400JQLACBCQLCKF45"
"NO7268457279","529900UPLYF0ICC0OI44"
"GB6630896193","5493008EU8J8PL7Y5C92"
"GB6630896193","529900I82C9R5WD5YR07"
"GB6630896193","529900FOYH83DWA1VI77"
"GB6630896193","81560001A6084D9ACA86"
"AT2291812381","815600065A3EB81EC445"
"AT2291812381","52990021U40DYSDLV579"
"AT2291812381","5493004QI6E3PJNCEB09"
"AT2291812381","335800KLB3BNLTXGOK06"
"LT1639612983","529900UAOOLD0QK6RL11"
"LT1639612983","529900H0Z3LEX11CQJ52"
"LT1639612983","549300BSNZQC1S096092"
"LT1639612983","5493000A1VODC8HM2X72"
"CH1523962342","529900U28ZJDY22FJA32"
"CH1523962342","5493005FXRVEIG8SRV35"
"CH1523962342","54930001JAUYYSFBMP93"
"CH1523962342","529900XW0MDD0HF0VN23"
"IT2330558967","529900CY5PNRH6PKLW03"
"IT2330558967","529900XWDFM4LA695B56"
"IT2330558967","54930018UN596IHLRW36"
"IT2330558967","529900KVW94VJZZKLS55"
"BY9055639218","724500LP44IH58MTAM38"
"BY9055639218","529900RC0O6Y0E636W87"
"BY9055639218","959800T0A4UXULZQ5L09"
"BY9055639218","5493008E6EOF5QH4MW05"
"EE1240442606","529900QC5I7V6HP3BP65"
"EE1240442606","254900DJJZ72SAHA1E19"
"EE1240442606","529900ZPM0RMT25YSF79"
"EE1240442606","254900ZO3PU05KI42S82"
"RO7719472099","5493004P365T6WOJNR46"
"RO7719472099","529900NAX3225UV0A763"
"RO7719472099","549300TKZ65QBK75OV06"
"RO7719472099","5493004NKTUXS10HUX68"
"PL8578199608","529900CI6MHV0H675228"
"PL8578199608","747800C0J0M91UBENZ19"
"PL8578199608","213800TYDH1M7T796R14"
"PL8578199608","506700CX762Q165KF826"
"IE3032806736","254900BZBEFAFBP7W941"
"IE3032806736","549300BVIWZN69JE8P07"
"IE3032806736","549300Z1M7JRMXGYHB04"
"IE3032806736","254900NMY5MOED23VJ58"
"SI3037760300","529900FBH1QTG14BVE92"
"SI3037760300","529900EXLVVB9837SG88"
"SI3037760300","529900SGNVLFY9Z13205"
"SI3037760300","549300EEZD541NHWO738"
"CZ8501133770","529900EASTFJG5LOZF27"
"CZ8501133770","529900BP3CJL3VRPPD14"
"CZ8501133770","549300B206THJHUTBP43"
"CZ8501133770","54930064XZWGVDHF4G62"
"RS2896294772","254900BJQU6FV8FPQ152"
"RS2896294772","549300Z1M7JRMXGYHB04"
"RS2896294772","9598008TTENY06M2M316"
"RS2896294772","529900BEHEWCLZGHHQ76"
"US5211825648","529900N7IBZHYLZHHW02"
"US5211825648","549300J7H1RQ24SIZ225"
"US5211825648","549300L2WXROIO4RYU97"
"US5211825648","2534006G7F7F1TFC9T77"
"IT2657980050","529900J0N5FYROZOL786"
"IT2657980050","5299005YJQDLC0YHHR78"
"IT2657980050","529900SGNVLFY9Z13205"
"IT2657980050","529900A7Z0V6PFMTJP60"
"US8383880738","5299001FY9JVMVC0LO38"
"US8383880738","549300G81RQKP7XW2N18"
"US8383880738","529900AMYBX2GX3HE155"
"US8383880738","549300QKDHYRRQH2MB86"
"LU3476057005","549300YXYSBSWEE7ON30"
"LU3476057005","213800YU5NDGOH7VDE67"
"LU3476057005","52990007MC5RPMUF1R85"
"LU3476057005","529900A0FQ3CD6DXKL22"
"AL1458489280","635400F7SMMDVSHMBC67"
"AL1458489280","PRNXTNXHBI0TSY1V8P17"
"AL1458489280","81560001A6084D9ACA86"
"AL1458489280","549300H62SNDRT0PS319"
"BG5393562364","549300H3WR78JYSTWS65"
"BG5393562364","529900CRZ2BZ3NEFZK77"
"BG5393562364","529900QJ7ZMOVPYIE255"
"BG5393562364","54930018UN596IHLRW36"
"FI7704846008","549300VNB1ZXI6EKTQ66"
"FI7704846008","549300TPFN3KKJB11W19"
"FI7704846008","529900S1RR1VXCC0X459"
"FI7704846008","5299001R4A9Z0RY8HJ59"
"EE3955366477","549300UBZRP8XMNLA119"
"EE3955366477","529900KVW94VJZZKLS55"
"EE3955366477","549300ZYM6I6IJNZSL65"
"EE3955366477","635400C7L8C5RGY8VK81"
"IS1914259105","5299008BMNMEZL4O6K10"
"IS1914259105","529900IF2M4HDRF7OY75"
"IS1914259105","52990003MHKX55EOC266"
"IS1914259105","529900JYUND014UQ0P58"
"BY2412091436","5299000AF58N6DVTY088"
"BY2412091436","529900XGX8IRUTDYO016"
"BY2412091436","097900BHF50000076475"
"BY2412091436","213800AW573JFTXL6946"
"CH5588980445","549300NQTXXC75T4U228"
"CH5588980445","549300TI1COTFUWYJC68"
"CH5588980445","815600311DA821549008"
"CH5588980445","2138003TJQDD92C95M54"
"HR2679090954","549300QLNL4I2WV7SD23"
"HR2679090954","529900582CZR3DANMR96"
"HR2679090954","549300RI7DPPJD4J3721"
"HR2679090954","5299005MQKIBQ14EIJ38"
"SE8821587095","724500LP44IH58MTAM38"
"SE8821587095","529900BVN6NPN8R4A847"
"SE8821587095","529900A7M4R1210U9P03"
"SE8821587095","213800TYDH1M7T796R14"
"SI2111533636","549300MGN03W4U2NK749"
"SI2111533636","52990095WB89J9OASG29"
"SI2111533636","529900E7W7M9W46YY476"
"SI2111533636","529900TUNVSQFZ481607"
"IS1151691378","529900TWDO3KH4PYCY78"
"IS1151691378","529900UOUW9VB5CFLB19"
"IS1151691378","213800QILIUD4ROSUO03"
"IS1151691378","529900SWNRHN2PPD6X60"
"MK3221410595","549300ZYM6I6IJNZSL65"
"MK3221410595","529900QPGSA3S6ZLS208"
"MK3221410595","54930077ETU32ZIMU680"
"MK3221410595","529900USNZNT90FFFL50"
"BE1153419116","529900VW66KWYPYBWX02"
"BE1153419116","5299000VMYT0UGXVZN87"
"BE1153419116","529900NWNZBC49AB6198"
"BE1153419116","529900EXN20KY0ZUFI54"
"CZ7294699862","549300FOQJLKUZUYXS78"
"CZ7294699862","549300Z5TZK5XDBGWS98"
"CZ7294699862","529900QDG42IVLG7C683"
"CZ7294699862","5299002FS7MWCAJFYW17"
"US1193025642","5299006MRMFYKKQU4A96"
"US1193025642","549300HWTESJD1V4UZ21"
"US1193025642","635400PSMCTBZD9XNS47"
"US1193025642","549300ZYVRX9U4H2G182"
"LT2687871838","315700RM570GT2YR9K85"
"LT2687871838","529900THBFKA4IXJAS93"
"LT2687871838","529900EYK1T9D8JMD587"
"LT2687871838","529900C214QOT3ZYD838"
"SI6771531983","549300T0RFRCQ7Z21884"
"SI6771531983","529900FO49LVGHYC4065"
"SI6771531983","549300TYMH9FCEBKO173"
"SI6771531983","529900OSZ0ZQI95BZO12"
"IS8575361592","635400SCBVV58JBVY513"
"IS8575361592","529900DDO5YY9EPTYZ46"
"IS8575361592","5299005NAKLU4RTUM275"
"IS8575361592","097900BFBW0000007583"
"FI5985882418","529900C6342MV7MEQR46"
"FI5985882418","529900N7IBZHYLZHHW02"
"FI5985882418","529900A5TAKNCSD2LP56"
"FI5985882418","529900UPLYF0ICC0OI44"
"FR5769640173","529900ALO5QOEB2LEB63"
"FR5769640173","529900DAUNIPA0EBPB86"
"FR5769640173","549300KS23R70QZVZF84"
"FR5769640173","529900Z8F1DQ2PF5GJ97"
"BG7565199893","529900SOB5CXRQN8QG83"
"BG7565199893","529900XGDXLEX5L16R90"
"BG7565199893","529900ED9KS8PXXGV873"
"BG7565199893","549300SEZE2LQYOSAS93"
"MT8977167167","213800RMAPKCXVCB3J34"
"MT8977167167","5299006FEUM0TNPY9T06"
"MT8977167167","529900PP5INPXJG8JM22"
"MT8977167167","549300NOZKYT889PVE67"
"BG2333829368","549300K0BHJ9BX9J8J87"
"BG2333829368","5299001W9PYB6TA79Z28"
"BG2333829368","549300R4FNKEIE8UY208"
"BG2333829368","529900AFQX8RDKITBE67"
"NO5959462260","549300GSRCQZCOFL8672"
"NO5959462260","5493008EU8J8PL7Y5C92"
"NO5959462260","529900RRSFST343TZB58"
"NO5959462260","254900BZBEFAFBP7W941"
"CY2086723078","3358007MD8NFWEKRC164"
"CY2086723078","529900KICPL7I3LLP264"
"CY2086723078","549300RKFLN5XSIAGX22"
"CY2086723078","213800IPN2AVTPFEY722"
"DK2038071723","529900CI6MHV0H675228"
"DK2038071723","8156004F298245FBB836"
"DK2038071723","549300YFIUT5OCACTD23"
"DK2038071723","815600311DA821549008"
"UA6809719686","529900MFF1MAR76ZVV77"
"UA6809719686","529900RO45LRDMWLRI57"
"UA6809719686","529900W747T39A8BLD28"
"UA6809719686","549300UJUJ65LGFB2O06"
"US2705717524","81560075E90A817C8F48"
"US2705717524","529900CI6MHV0H675228"
"US2705717524","529900AXUGQC7E2M7N91"
"US2705717524","81560081EB02F8095508"
"IE6613956830","529900046FVSVFC80V70"
"IE6613956830","529900CRZ2BZ3NEFZK77"
"IE6613956830","529900FADJ7991WGZ734"
"IE6613956830","5493006UY56V4KORVP94"
"MK3015598370","529900Y6XDJVFIL8X091"
"MK3015598370","529900Z0S102QOJJ3J83"
"MK3015598370","21380012EA5RD6HRXS79"
"MK3015598370","529900LTXFQ0DA5ZZT94"
"ES6965661826","5299008B6YR6B0NVDR34"
"ES6965661826","5299003G9CMV5CY1FU81"
"ES6965661826","549300DTNTPKNKGJ7P43"
"ES6965661826","529900TX0LIN4445VN54"
"DK5038857905","549300LRI77T5F28OH18"
"DK5038857905","529900LMTI8YSE62EI88"
"DK5038857905","529900EKOYG8BTTOMR05"
"DK5038857905","98450076FE4A83A4F419"
"GR8292814697","549300LWRLCM6PDOWT06"
"GR8292814697","529900Y3U56W0GL6NC56"
"GR8292814697","549300TCEMHQ8ZPOQN53"
"GR8292814697","549300I9Q60NVVS6I257"
"AT6348650062","213800TIAIHOYOOSDJ79"
"AT6348650062","25490037X9QDKOC13793"
"AT6348650062","529900B9D7B2Z2U9E686"
"AT6348650062","969500FZ2VNB81C46W67"
"EE3482752648","5299003RWHA2ZD5T0R33"
"EE3482752648","549300EF9ZLCS32PSN92"
"EE3482752648","549300WVLFJHD8I4GY79"
"EE3482752648","2534006G7F7F1TFC9T77"
"IT9211384336","5299005LAFRILI4X6N79"
"IT9211384336","529900BEHEWCLZGHHQ76"
"IT9211384336","529900Y3O6X652Z2AN33"
"IT9211384336","529900IZCOKCTPEKN750"
"IS3916131192","81560095E5C286EA9562"
"IS3916131192","529900C3CVON40JOYH55"
"IS3916131192","253400UNEGHE8LX7H451"
"IS3916131192","5299005C3ALN0FW10R56"
"GR7936371230","529900XFN4E5DO3EOC30"
"GR7936371230","315700H9WMTTK29MHG75"
"GR7936371230","529900UHDAFWQ87PM255"
"GR7936371230","529900MEJVKCGUA49N75"
"IE1211204925","529900OB9X1DTXJ7MD63"
"IE1211204925","5299000PEFQQEB5OGZ93"
"IE1211204925","213800YU5NDGOH7VDE67"
"IE1211204925","213800J6H2IQOAMK1255"
"FI4375037682","529900EGEA1JYL9ONH25"
"FI4375037682","8156002787EC1CD8C660"
"FI4375037682","89450081GZZ43QTYMN88"
"FI4375037682","529900L30NS8FOKXCQ03"
"EE1325981782","529900X2JGG41VB42995"
"EE1325981782","54930041LANR8OLEDY41"
"EE1325981782","529900P7ZZJ2UGXVAJ38"
"EE1325981782","3157007C98ILJK5ST356"
"AL7673673966","5299001PZYZQV5PVWU54"
"AL7673673966","549300PSTW0LE1YMKN37"
"AL7673673966","529900PIF7BWIN1OFE62"
"AL7673673966","549300RKFLN5XSIAGX22"
"LV2214370480","5493002PWZF94U45O726"
"LV2214370480","25490058HC8QF7RJ3827"
"LV2214370480","81560058D9F02B0FCD27"
"LV2214370480","5493002I3S7TGKYK0P44"
"AL7817540491","213800CGWUEIX6ZHBX50"
"AL7817540491","52990066NTXYO6LXAF31"
"AL7817540491","52990026PFY8PQ2UC257"
"AL7817540491","529900DD5SKKGUNXWV81"
"GB6909572181","529900WMBOJTFWCJ6Z71"
"GB6909572181","529900L6FR3GXUDX5E97"
"GB6909572181","529900H4B2BYOHCXQT18"
"GB6909572181","549300Z2UVWOX086RH29"
"MK2272820787","5493005X008R6A2PKW88"
"MK2272820787","529900S8GVBA9SFCOD21"
"MK2272820787","529900H1P7U7R7YOHU61"
"MK2272820787","529900A7M4R1210U9P03"
"SI9723183478","549300UBZRP8XMNLA119"
"SI9723183478","213800DW1L62N1BADM49"
"SI9723183478","549300SEZE2LQYOSAS93"
"SI9723183478","5299007MD6I12CTKQM41"
"DE9352776021","549300IUOQXDZBVFHK88"
"DE9352776021","5493003YCTSBWS4PJV26"
"DE9352776021","529900598KUP7JQ9R531"
"DE9352776021","529900Q3QYV322RCXV42"
"MT5223504935","529900ZS8OVPXKLRNF83"
"MT5223504935","529900AO1T2EBC9HUC17"
"MT5223504935","529900RF2834I0MC2L78"
"MT5223504935","549300BSNZQC1S096092"
"RS3639588063","549300P481QIQARJQI17"
"RS3639588063","5299007QILH2588Y8Z31"
"RS3639588063","529900TG4CYRYQDR5865"
"RS3639588063","549300QLNL4I2WV7SD23"
"AT3142524947","529900V89SIJN7DOX349"
"AT3142524947","549300CI13TTRZSRJV34"
"AT3142524947","549300RKFLN5XSIAGX22"
"AT3142524947","529900BPNSDDP4R0HP51"
"AL1801368533","529900FOYH83DWA1VI77"
"AL1801368533","549300C224WBBVVQ2Z39"
"AL1801368533","529900B9D7B2Z2U9E686"
"AL1801368533","549300X6C61HNLIHAZ94"
"ES1230298505","529900Q6P4NPT9JGOH02"
"ES1230298505","52990058YIHY59G9ZR75"
"ES1230298505","529900DUU6C9O13MAC66"
"ES1230298505","213800BYTX3ODD8TVN91"
"IT2210635122","529900D4ER03Z4NCGT13"
"IT2210635122","529900AMYBX2GX3HE155"
"IT2210635122","529900WQR8MCSBPFID11"
"IT2210635122","5493006VU2HFXGSBFT75"
"AL3944682850","9KVDYMLZGG8ZN3RMPY41"
"AL3944682850","529900CYRSQHASADDO34"
"AL3944682850","529900YR10F8TOMFTR35"
"AL3944682850","815600EC178EEE69E481"
"RO8412967922","529900MQH538RON6BD44"
"RO8412967922","5299006M9OCS0I000683"
"RO8412967922","529900ST7CHA4EJJ5Y85"
"RO8412967922","5493008X0EWE6B6KZV25"
"DK7581590789","529900FMHT3IDMYLAZ66"
"DK7581590789","549300O2UN9JLME31F08"
"DK7581590789","5493008J0KRP28TPF798"
"DK7581590789","529900RQWZ39LYKXZ261"
"FI2712515611","549300YFIUT5OCACTD23"
"FI2712515611","549300XGJX6FOWLOI640"
"FI2712515611","54930093XEHLVNAP5I34"
"FI2712515611","635400KXBJFOZCXLPP05"
"CA8124996380","549300U68K8MD40UXJ91"
"CA8124996380","529900VQTGY0OGZTCS62"
"CA8124996380","254900NMY5MOED23VJ58"
"CA8124996380","549300X6C61HNLIHAZ94"
"LT6758576738","529900Z9F3OHWTXUOY41"
"LT6758576738","D1HEB8VEU6D9M8ZUXG17"
"LT6758576738","549300DHFF7DPS0Z0U75"
"LT6758576738","549300EF9ZLCS32PSN92"
"GR3597305725","529900P7ZZJ2UGXVAJ38"
"GR3597305725","529900Q7PU3EB1KB3V45"
"GR3597305725","635400OT6WWQD5UURP98"
"GR3597305725","213800F9OEEORKQ71V30"
"SK5732554160","529900WQR8MCSBPFID11"
"SK5732554160","529900VW66KWYPYBWX02"
"SK5732554160","097900BFB40000007898"
"SK5732554160","529900CYV0ZFIVHSVX42"
"UA3281601714","815600311DA821549008"
"UA3281601714","5299005404YKMA1T4086"
"UA3281601714","5299009T3KWOCYE8BD14"
"UA3281601714","21380086CDUT1PKKGC97"
"UA9678071297","529900S8GVBA9SFCOD21"
"UA9678071297","81560010A66C92CC6B72"
"UA9678071297","549300K0BHJ9BX9J8J87"
"UA9678071297","529900V9M5N0BGGB2Z36"
"CY6003371088","549300YD2C3QFXNLSX70"
"CY6003371088","81560058D9F02B0FCD27"
"CY6003371088","635400VPPM8R1SOESU52"
"CY6003371088","529900UUPS52ZOCZKF69"
"IE7157668185","74780000A0SH8DY34831"
"IE7157668185","549300MSY5NIVC0BME80"
"IE7157668185","5299000AF58N6DVTY088"
"IE7157668185","5493002DZLHDQ5SJRQ41"
"BE7805969122","529900NLN09OGDQ8SP33"
"BE7805969122","549300FOQJLKUZUYXS78"
"BE7805969122","549300B206THJHUTBP43"
"BE7805969122","549300VW6R2NNTWFB821"
"HU6050583082","529900S8LDIPTXXYVZ33"
"HU6050583082","529900BS0K5H5X5S4796"
"HU6050583082","529900KRQNFT92BXR447"
"HU6050583082","549300Y47GPQA88GE404"
"HU8967208573","529900FIASFWYG4LDJ94"
"HU8967208573","549300IIH01NSEG1DK07"
"HU8967208573","549300LWRLCM6PDOWT06"
"HU8967208573","529900J0N5FYROZOL786"
"US2146737807","529900S8LDIPTXXYVZ33"
"US2146737807","529900YKOMNKL9H6AD64"
"US2146737807","529900BS0K5H5X5S4796"
"US2146737807","5493001V0ITTX5DZPE20"
"SE3818298299","5493006LHHR4CLPX4Q79"
"SE3818298299","635400VPPM8R1SOESU52"
"SE3818298299","529900T860I1EGF4AB55"
"SE3818298299","529900471V91AHVTJ560"
"BE6609467525","529900ILPIYOVR78UX93"
"BE6609467525","529900WE0D9FIB4EQI28"
"BE6609467525","549300GUQK2RPMND7R49"
"BE6609467525","635400F7SMMDVSHMBC67"
"HR2349170842","529900ETVH54K2OIRO19"
"HR2349170842","529900V2Y0J5ITH4UO62"
"HR2349170842","549300PSTW0LE1YMKN37"
"HR2349170842","549300OO89TODXM8FJ80"
"SE2919998329","52990052Q1R965JND538"
"SE2919998329","529900T09N5VNI0O4G02"
"SE2919998329","549300WZK231NAUFI045"
"SE2919998329","549300IW10AMZJY6MT60"
"DE3958188825","391200ZZPVWSHS2QE753"
"DE3958188825","52990047I84DVP5HEZ85"
"DE3958188825","529900OISRX6SR0HJP68"
"DE3958188825","549300Q1TKVLSYVS7C09"
"CY9099875595","5299002L9O49LY2R2C40"
"CY9099875595","25490072EC3VZGVO9626"
"CY9099875595","529900LMTI8YSE62EI88"
"CY9099875595","549300ZIEXERVNP8XK18"
"HU1794160137","529900MJYYIRXZ9YCT59"
"HU1794160137","5493000JDDVBZ8UZSN12"
"HU1794160137","5493006ID8PU5DEXDO97"
"HU1794160137","529900046FVSVFC80V70"
"BG8281608982","5299003RWHA2ZD5T0R33"
"BG8281608982","529900JFVQC0P8BAQO25"
"BG8281608982","5493005855K3SAA7PC10"
"BG8281608982","254900WMVIZ77ZGIMS83"
"NO1786248395","549300J195RNZCVP3838"
"NO1786248395","894500MQIC6HSO5CA924"
"NO1786248395","5299009ECGN4GD03UY30"
"NO1786248395","529900EGEA1JYL9ONH25"
"GB6707771534","529900CVJFHY7SC3IA84"
"GB6707771534","815600DE4E187F69E210"
"GB6707771534","549300YD2C3QFXNLSX70"
"GB6707771534","529900IAHC7NHDPKB514"
"SE9094150866","529900S8GVBA9SFCOD21"
"SE9094150866","549300SX7LKM3752HG14"
"SE9094150866","529900XH9ODJ6HNC1W03"
"SE9094150866","5493006DBSUPUBTAB556"
"CH8691254486","529900598KUP7JQ9R531"
"CH8691254486","54930009CCENXT9WTF32"
"CH8691254486","5493002I3S7TGKYK0P44"
"CH8691254486","2138006HP23N8GYS9Q88"
"DK6557972071","549300K0BHJ9BX9J8J87"
"DK6557972071","529900L6FR3GXUDX5E97"
"DK6557972071","549300IGBKRNYYK2E973"
"DK6557972071","5493006ID8PU5DEXDO97"
"LV4245774465","549300TCEMHQ8ZPOQN53"
"LV4245774465","529900P0UUJHBJF0A066"
"LV4245774465","529900X2JGG41VB42995"
"LV4245774465","549300I1NMOBS4B1LT88"
"CA3346599522","54930064XZWGVDHF4G62"
"CA3346599522","3157008BMI50FMDD1E91"
"CA3346599522","54930009CCENXT9WTF32"
"CA3346599522","815600812B9FCEADA322"
"BE2504356589","5493001V0ITTX5DZPE20"
"BE2504356589","213800D3OXAL3N7T1S19"
"BE2504356589","815600EC178EEE69E481"
"BE2504356589","815600812B9FCEADA322"
"PL1199989319","529900MAE1EMLUE01896"
"PL1199989319","5493006E7ZWTCS5JKI68"
"PL1199989319","529900DF15DT6MUTOS08"
"PL1199989319","549300P5FQEW7DOYK240"
"MK4222583938","549300HWTESJD1V4UZ21"
"MK4222583938","529900JP8FJPSAM5CH61"
"MK4222583938","549300U0U0LWGZBKVE61"
"MK4222583938","529900UCQCQZKSK22F41"
"IS2788702726","5493002929RGNEAQBG37"
"IS2788702726","52990016W975JPQ70O29"
"IS2788702726","529900KDBN16PCQCI732"
"IS2788702726","549300MUHUFNRRI19O72"
"BY2080895608","529900VPPWZDVWS03302"
"BY2080895608","5493008LO91Z9AW4MF72"
"BY2080895608","549300M7R6X5LJOH0491"
"BY2080895608","529900W6ATZF1SBHMQ02"
"HU9760228956","5299008MH02ITLP1VC43"
"HU9760228956","529900LHOWX8W5SFFF95"
"HU9760228956","529900H9AT7W54KGHF30"
"HU9760228956","549300YKE0DE3IU74762"
"HU8177021197","5493004SYPRAVRVNK561"
"HU8177021197","549300711LWQZIF20Y32"
"HU8177021197","529900M16K5ETQQEXE12"
"HU8177021197","529900BP3CJL3VRPPD14"
"PT4349233478","549300V2U8DC564CK756"
"PT4349233478","549300WZK231NAUFI045"
"PT4349233478","2534006G7F7F1TFC9T77"
"PT4349233478","5493003NE3LX8VLUVK24"
"FR7938505194","2138005ADNXRIGY4SY85"
"FR7938505194","5493004NRK1XLI2A3K89"
"FR7938505194","529900FBJKI4DP1JRG14"
"FR7938505194","549300SDDBLYMENCB570"
"LU1891619173","213800CF4E69O3XA2112"
"LU1891619173","815600311DA821549008"
"LU1891619173","529900G4O4VLOG0B5168"
"LU1891619173","549300BSNZQC1S096092"
"PL9811622512","2138005ADNXRIGY4SY85"
"PL9811622512","529900P0UUJHBJF0A066"
"PL9811622512","549300DIVO0BXH2SBY91"
"PL9811622512","5493000G3CNQTWPBZA31"
"CH5611503690","529900LK05HKEZ736735"
"CH5611503690","549300O1LRG9PS8TF186"
"CH5611503690","549300JD5QZGA037DM65"
"CH5611503690","549300M1SLMSDGML5M49"
"BY8415211067","52990034Y1YC4WDX5C05"
"BY8415211067","5299007CQ7QQYFIVNV49"
"BY8415211067","5493004WTHSS6OWNHE94"
"BY8415211067","549300101YTPRIMUGT82"
"GB6071801639","529900R1CDB2JWCHM252"
"GB6071801639","5299007MD6I12CTKQM41"
"GB6071801639","5299005LMBRRMUC6RE06"
"GB6071801639","549300XGJX6FOWLOI640"
"CA4495192138","5299009ECGN4GD03UY30"
"CA4495192138","5493001S1A2KX77G5V52"
"CA4495192138","529900LZC0DRQ7BS1A85"
"CA4495192138","529900K3CBIIFX4H8G15"
"SI5224955747","529900BUTOYN9W7Y6103"
"SI5224955747","54930043FXZFYBFAFR66"
"SI5224955747","635400CS6QPXBSKDCN41"
"SI5224955747","529900R8SW6D0TOM4Y51"
"BE8001273988","529900JP8FJPSAM5CH61"
"BE8001273988","549300IIH01NSEG1DK07"
"BE8001273988","529900KK9P8L63TRYU47"
"BE8001273988","549300TKZ65QBK75OV06"
"AL8852192638","5299008MH02ITLP1VC43"
"AL8852192638","635400YNKKOVP6RFXP53"
"AL8852192638","254900ZV4OHO6HVJQQ25"
"AL8852192638","549300FYWDCTXXZQJQ90"
"AL8150509731","529900LMTI8YSE62EI88"
"AL8150509731","529900UE4LUJSN9CBQ27"
"AL8150509731","5493002JEF6K68XBUF21"
"AL8150509731","549300U08TTKCUFWTC83"
"IE5761395528","213800MQ6DXRNJ395137"
"IE5761395528","529900EYK1T9D8JMD587"
"IE5761395528","213800BYTX3ODD8TVN91"
"IE5761395528","529900DF15DT6MUTOS08"
"CH7892729209","6354002GQB7AOSJE3W69"
"CH7892729209","89450081GZZ43QTYMN88"
"CH7892729209","549300QLNL4I2WV7SD23"
"CH7892729209","52990070XL8QPES0SM31"
"DK3892041066","5493000JDDVBZ8UZSN12"
"DK3892041066","529900BE2TCQGOJQ2J80"
"DK3892041066","529900YU74RHC7QYS662"
"DK3892041066","549300UJUJ65LGFB2O06"
"IS5298671469","52990092CN7SM9DZCR09"
"IS5298671469","5493007UJW4N82PLDU29"
"IS5298671469","529900Q3QYV322RCXV42"
"IS5298671469","5299002YWHBSBV9P4B18"
"PT8566425517","5493001SAW5Z3K2QZW55"
"PT8566425517","549300FB5QF8WKFR3051"
"PT8566425517","549300VVY6OPXP56J831"
"PT8566425517","529900R8SW6D0TOM4Y51"
"MK4909735479","5493008EK06BBQGICG76"
"MK4909735479","529900MEJVKCGUA49N75"
"MK4909735479","529900OISRX6SR0HJP68"
"MK4909735479","5299001ICGNKKWDL1557"
"ES6794104322","549300H6H8BAYLUOGZ71"
"ES6794104322","5299007NUHEK3805DE85"
"ES6794104322","529900SVE09UXRXL5B58"
"ES6794104322","529900MTD4K18WPZFU73"
"GB8426477707","529900L3L9NAZ25ZGS16"
"GB8426477707","529900YWYV1BB5FUZK64"
"GB8426477707","529900SWPDY3ZOZ2RU29"
"GB8426477707","549300B6P0UZZLGKE796"
"FR3499746921","5299005MQKIBQ14EIJ38"
"FR3499746921","529900QJ7ZMOVPYIE255"
"FR3499746921","549300MYFXTPIIXSNK50"
"FR3499746921","549300F7JG0KNKXWKZ08"
"AL2305788261","529900VQTGY0OGZTCS62"
"AL2305788261","529900OVSJWHY1FYLQ08"
"AL2305788261","5493000A1VODC8HM2X72"
"AL2305788261","213800QILIUD4ROSUO03"
"RS9571843032","549300BW0T0VJZ8YT598"
"RS9571843032","529900U28ZJDY22FJA32"
"RS9571843032","529900YKOMNKL9H6AD64"
"RS9571843032","529900ZPM0RMT25YSF79"
"HR5952430177","529900ANJHT613JW8B30"
"HR5952430177","5299000XIRBL7YOU9G65"
"HR5952430177","8EWQ2UQKS07AKK8ANH81"
"HR5952430177","529900CRZ2BZ3NEFZK77"
"NO2506886672","254900IM9BUUJTALDP69"
"NO2506886672","529900DAUNIPA0EBPB86"
"NO2506886672","529900YLDY70L7O07T27"
"NO2506886672","52990043Y7PWJD1G2108"
"AL1514999071","549300PQZEXBBQ5SLU78"
"AL1514999071","213800IT91XM3CMQQP75"
"AL1514999071","52990026PFY8PQ2UC257"
"AL1514999071","529900UHDAFWQ87PM255"
"HR5798946308","529900NZEAS6DR7N9T89"
"HR5798946308","529900UOHCIHB2SSXV67"
"HR5798946308","529900USNZNT90FFFL50"
"HR5798946308","5299001OZ0PA3VPR3N91"
"LT6974730030","8156003F461C3D10B315"
"LT6974730030","549300UK7IYHLTFT4Z67"
"LT6974730030","529900CYV0ZFIVHSVX42"
"LT6974730030","549300SWJ4YK4LLNT176"
"HR9557468783","549300U0U0LWGZBKVE61"
"HR9557468783","253400G6BH0UHXA5C941"
"HR9557468783","529900BIXCGW2FAOA038"
"HR9557468783","529900HG10Y7ZW033G21"
"BG3017528327","5299005404YKMA1T4086"
"BG3017528327","54930059AYBFBM5Y2L55"
"BG3017528327","5493006ID8PU5DEXDO97"
"BG3017528327","529900TXDENGJTJ0D523"
"ES4156862446","8156002B929020A90676"
"ES4156862446","549300ZS81M8OQHJSO40"
"ES4156862446","529900ZZJAQCYNWU7E47"
"ES4156862446","549300JMVCPEO24OMS31"
"CZ5047717388","529900DF15DT6MUTOS08"
"CZ5047717388","549300FB5QF8WKFR3051"
"CZ5047717388","529900VQTGY0OGZTCS62"
"CZ5047717388","52990066NTXYO6LXAF31"
"FR6905144671","529900A766VIVHCZI298"
"FR6905144671","549300UJUJ65LGFB2O06"
"FR6905144671","549300OPF00Q4W8XUQ95"
"FR6905144671","529900DGSQR7P9L7FM63"
"ES6563890510","529900HGYA9IQ1OF0X23"
"ES6563890510","3157007C98ILJK5ST356"
"ES6563890510","549300711LWQZIF20Y32"
"ES6563890510","529900JA77IQLWAUIY31"
"RO1302070726","549300QJXEB6PZF1P432"
"RO1302070726","529900UCQCQZKSK22F41"
"RO1302070726","549300ZT42UG9CGDPX98"
"RO1302070726","5299008NE00H3YQEL294"
"MT8274568894","635400DHOJIZJJYGAE85"
"MT8274568894","5299001R4A9Z0RY8HJ59"
"MT8274568894","335800KLB3BNLTXGOK06"
"MT8274568894","635400SCBVV58JBVY513"
"GR5409348855","254900XL6PTO1ULA2525"
"GR5409348855","254900AJ9I7L7UUYYU04"
"GR5409348855","529900YNWHYCU679WE23"
"GR5409348855","529900OSZ0ZQI95BZO12"
"IS1665436614","097900BFBW0000007583"
"IS1665436614","549300XJNWG0Q07SE896"
"IS1665436614","529900ZZJAQCYNWU7E47"
"IS1665436614","5493000G3CNQTWPBZA31"
"FI4042433387","529900NRU8XMPR3BIF43"
"FI4042433387","5299000XIRBL7YOU9G65"
"FI4042433387","549300XM19CFWDDX8D65"
"FI4042433387","5493002XSNOUUFLKXK27"
"MK2193905716","549300Q1TKVLSYVS7C09"
"MK2193905716","747800C0J0M91UBENZ19"
"MK2193905716","2534008T9TCKSJHXMX83"
"MK2193905716","81560095E5C286EA9562"
"HU2957919142","529900CK34A0NLD3NN83"
"HU2957919142","635400VANUW6PQNPKJ70"
"HU2957919142","254900RGIHNSOOTM0L46"
"HU2957919142","529900D4ER03Z4NCGT13"
"DE2450887983","5299003A4YELZSL89054"
"DE2450887983","5299000AF58N6DVTY088"
"DE2450887983","549300NL4XBNT0DX2J71"
"DE2450887983","549300DVX8CW8OWD1369"
"CH8284562904","335800XN3TLVKZDB1A49"
"CH8284562904","549300PTK3ZQ3QOOL487"
"CH8284562904","529900FGTUG6XHFKKL25"
"CH8284562904","7245003DSUUXRQRX3A47"
"DE9152581119","529900Y3O6X652Z2AN33"
"DE9152581119","549300OVO8MRA4KTCJ44"
"DE9152581119","529900I4PZHJOAZWYS86"
"DE9152581119","2221001BQYKCFUQGX885"
"MK6224399836","529900AWZSNTMVWDBE17"
"MK6224399836","529900SWZG9FZS4PPH60"
"MK6224399836","549300FOQJLKUZUYXS78"
"MK6224399836","5493008M0U92PEH43O65"
"RS3480625202","549300V6XZN8U57X4711"
"RS3480625202","529900HHE04GA1UV8Y59"
"RS3480625202","529900K3CBIIFX4H8G15"
"RS3480625202","529900UOUW9VB5CFLB19"
"HU9226495500","5493006VU2HFXGSBFT75"
"HU9226495500","529900TLQ4DI9HXIAP49"
"HU9226495500","213800BYTX3ODD8TVN91"
"HU9226495500","529900H1P7U7R7YOHU61"
"PT7458234735","549300MGN03W4U2NK749"
"PT7458234735","529900S8GVBA9SFCOD21"
"PT7458234735","5299006M9OCS0I000683"
"PT7458234735","5299007XMJKIQYA1QE53"
"FR5642503831","097900BFBW0000007777"
"FR5642503831","254900ER2GAN3HN8T134"
"FR5642503831","2138005ADNXRIGY4SY85"
"FR5642503831","8156002787EC1CD8C660"
"SK5247178658","549300JD5QZGA037DM65"
"SK5247178658","54930077ALXXZ725SH62"
"SK5247178658","5493008GCK1NNHETAC81"
"SK5247178658","529900H1DIVOXVUEJT47"
"RO5199077294","549300YFPZE6JASST408"
"RO5199077294","529900YLDY70L7O07T27"
"RO5199077294","52990016W975JPQ70O29"
"RO5199077294","549300M15VIRFQT7RG91"
"US8939651901","529900MVM385SYIIJA64"
"US8939651901","213800DW1L62N1BADM49"
"US8939651901","549300NOZKYT889PVE67"
"US8939651901","52990092CN7SM9DZCR09"
"DE5315687387","254900KI5DXU2KFMJT31"
"DE5315687387","315700D3HU6XAF8GPG72"
"DE5315687387","54930019V5SB6EJM2H90"
"DE5315687387","315700H9WMTTK29MHG75"
"EE4638213313","529900VUBQY47LB3PV64"
"EE4638213313","529900876IR1IQJD7Y91"
"EE4638213313","5493004DRENYD68POX17"
"EE4638213313","52990079PPW7G6DP9O83"
"DK8783388224","81560075E90A817C8F48"
"DK8783388224","5299009R5QPQNC289O97"
"DK8783388224","549300UK7IYHLTFT4Z67"
"DK8783388224","529900W747T39A8BLD28"
"SE1357295979","5493004NKTUXS10HUX68"
"SE1357295979","529900W1WNE13J119S06"
"SE1357295979","549300YX4S1LLSMK2627"
"SE1357295979","5299005404YKMA1T4086"
"IS7433863176","549300NQTXXC75T4U228"
"IS7433863176","529900W78UFK804DRB50"
"IS7433863176","529900JBPP7HAVCM8C23"
"IS7433863176","529900USNZNT90FFFL50"
"GB1851491971","549300YD2C3QFXNLSX70"
"GB1851491971","7S8518QC0P5IKHFFCP88"
"GB1851491971","549300ZU652SN9WBFV30"
"GB1851491971","549300GJHKOASCB86D81"
"DK3631778113","529900JDQCI0C5WDB796"
"DK3631778113","254900KI5DXU2KFMJT31"
"DK3631778113","5493003M451YU8YSEC41"
"DK3631778113","529900UCQCQZKSK22F41"
